ID,label,time,acc_x_min,acc_x_max,acc_x_avg,acc_x_std,acc_x_AUC,acc_x_pk,acc_x_cn,acc_x_pw,acc_y_min,acc_y_max,acc_y_avg,acc_y_std,acc_y_AUC,acc_y_pk,acc_y_cn,acc_y_pw,acc_z_min,acc_z_max,acc_z_avg,acc_z_std,acc_z_AUC,acc_z_pk,acc_z_cn,acc_z_pw,gyr_x_min,gyr_x_max,gyr_x_avg,gyr_x_std,gyr_x_AUC,gyr_x_pk,gyr_x_cn,gyr_x_pw,gyr_y_min,gyr_y_max,gyr_y_avg,gyr_y_std,gyr_y_AUC,gyr_y_pk,gyr_y_cn,gyr_y_pw,gyr_z_min,gyr_z_max,gyr_z_avg,gyr_z_std,gyr_z_AUC,gyr_z_pk,gyr_z_cn,gyr_z_pw
1,Still,1.5,1.4059396446620716,0.3705405556138366,1.2989343819750077,-0.7793790368642127,1.227411204665875,-0.2235249844095548,-0.2700127365064775,0.4245425797946323,-0.1751239421008822,-1.0353977623347794,-0.7873184377718682,-0.8195674488554634,-0.7717615612647134,-0.2235249844095548,-0.1757653952969912,-0.9344568239201764,0.3702004816474218,-0.55449402585007,-0.0708988377463354,-0.8102560873990085,-0.0852452676528471,-0.2235249844095548,-0.3642600777159639,-0.4719492042740065,0.9583431778993023,0.4186912447441817,3.01863429993659,0.8817095106050886,3.0186342999366,-0.771646785361055,-1.2154884680433693,0.2535598917040214,0.3400270710449295,-0.3436061007988032,-0.0003528498180233,-0.3274087379184623,-0.0003528498180243,-0.4711321006135834,-0.2713987366307983,-0.4616174837924102,0.9409446727280756,-0.4929751752633069,1.0995761874863408,-0.3285340443447546,1.099576187486337,-0.771646785361055,-0.3440210236625344,-0.4385862560372855
2,Put down,3.0,1.4059396446620716,0.5133479012663117,1.300703234258577,-0.747532293634809,1.2426353838553896,-0.2260316417858205,-0.2782982170523664,0.4819305156033801,-0.2887157321360785,-1.0353977623347794,-0.7883704280071961,-0.7928699427270918,-0.7724979388858034,-0.2260316417858205,1.679146561913889,-0.910506017316045,0.3702004816474218,-0.4088305332845456,-0.0692893430072434,-0.7692576330592859,-0.0788678949529873,-0.2260316417858205,-0.1850865609111162,-0.4255095428300129,0.6813054417113042,-0.324033601386213,0.7836784073420454,-0.1643698192014308,0.783678407342037,-0.170617415866112,-0.7071324588212156,-0.2337198709123759,0.1593502865744957,-0.0778321614067896,-0.4405300003488174,-0.0578018641086952,-0.4405300003488173,0.5806692960025666,-0.7071324588212156,-0.1718671342359923,0.6826437882629371,-0.8803046373229858,-0.1946014186407614,-0.7479386465480334,-0.194601418640762,-0.6213894429873192,0.2369572725913556,-0.9017946543693108
3,Pick up,4.5,1.4059396446620716,0.3705405556138366,1.2989343819750077,-0.7793790368642127,1.227411204665875,-0.2235249844095548,-0.2700127365064775,0.4245425797946323,-0.1751239421008822,-1.0353977623347794,-0.7873184377718682,-0.8195674488554634,-0.7717615612647134,-0.2235249844095548,-0.1757653952969912,-0.9344568239201764,0.3702004816474218,-0.55449402585007,-0.0708988377463354,-0.8102560873990085,-0.0852452676528471,-0.2235249844095548,-0.3642600777159639,-0.4719492042740065,-0.927387113351372,-0.324033601386213,-1.685779680559217,0.7357637812593263,-1.6857796805592071,-0.771646785361055,-0.9976216069481606,0.6866662368987445,0.1593502865744957,0.7514237347582142,-0.21896958110337,-0.2000477438919146,-0.2189695811033704,0.1298972688813593,2.125136735416498,0.6445756502285361,0.0643276814085641,-0.1396400542886532,-0.4059198939776929,-0.413923569279491,-0.4059198939776946,-0.6213894429873192,2.633492744638652,0.2844766827628114
5,Pick up,7.5,1.4059396446620716,0.3705405556138366,1.2989343819750077,-0.7793790368642127,1.227411204665875,-0.2235249844095548,-0.2700127365064775,0.4245425797946323,-0.1751239421008822,-1.0353977623347794,-0.7873184377718682,-0.8195674488554634,-0.7717615612647134,-0.2235249844095548,-0.1757653952969912,-0.9344568239201764,0.3702004816474218,-0.55449402585007,-0.0708988377463354,-0.8102560873990085,-0.0852452676528471,-0.2235249844095548,-0.3642600777159639,-0.4719492042740065,-0.0146347651377734,-0.324033601386213,-0.3915149830723481,-0.2330549339283526,-0.3915149830723499,-0.771646785361055,-0.4892655977260068,-0.302492068673634,0.6384783520590532,-0.5424214895687979,-0.1619595770003552,-0.7717379699630412,-0.1619595770003559,2.8345294316086025,0.3095795596230918,-0.8249502943562003,-0.5472966926876447,-0.3137322859059023,-0.2590141883239112,-0.4319495200679149,-0.2590141883239123,-0.0203600734923763,0.5274464207183004,-0.3111644594961927
6,Still,9.0,0.7331912202838795,0.4505126691792228,0.9311814705780598,-0.0148551847812072,0.8750082753096597,-0.2235249844095548,-0.2700127365064775,0.285627079857725,-0.5703898387916206,-0.7897691278125225,-0.8458745403213253,-0.2352502452261187,-0.8278735359917826,1.6013215855118843,-0.1757653952969912,-0.6458266210859527,-1.4485256326061458,-0.4438183329694019,-1.4615017279746008,1.3214377603557728,-1.41780448581415,-0.2235249844095548,-0.8354967837633959,0.0352478043618341,0.0723577607183611,-0.324033601386213,-0.4897540368887257,-0.0786030571123778,-0.4897540368887321,-0.6213894429873192,-0.7071324588212156,-0.1654206940681333,-1.6996130736435218,2.647895914683397,-0.2095637142486103,3.0828430697294995,-0.2095637142486115,-0.6213894429873192,-0.9976216069481606,2.8145350431544176,-0.2488454116735208,-0.5383009633766737,0.0504039946537718,-0.1955535363885386,0.0504039946537703,-0.4711321006135834,-0.3440210236625344,-0.3320681161677777
7,Still,10.5,1.2592343807789768,1.075651824772932,1.6245753750808491,0.2624500890962932,1.5550444458559325,-0.2260316417858205,-0.3715098731936168,0.6338753193443535,-0.5858986809735479,-0.8318972947800027,-0.8442084932885241,-0.267602311714961,-0.8263596806033088,0.2251666859420078,-0.2782982170523664,-0.6350027953785072,0.2310400599068861,0.209525273390671,0.2354623614968322,0.1545788761514923,0.2150974763983897,-0.0004324779219063,-0.3715098731936168,-0.1615358205647201,8.704693018767236e-05,-0.324033601386213,-0.203206044985671,-0.2320443116998857,-0.2032060449856732,-0.6213894429873192,0.2369572725913556,0.0352447178615121,-0.7199433978482813,1.1366929337218308,0.0167170566961698,0.3971316066875742,0.0167170566961684,0.4304119536288309,0.3095795596230918,1.5978717163734544,-1.3382595047026544,-0.6567660914002457,-0.1545916479641268,-0.3728036733574445,-0.1545916479641274,5.5391615943358445,2.5608704576069155,0.496921750954953
8,Drinking,12.0,1.4134844868046308,1.075651824772932,1.4005631569180144,0.0515383568131796,1.3247980013080944,0.0045808368306251,-0.3642600777159639,0.7668082497870621,-0.449672364510674,-0.8554605068126611,-0.7985664420887296,-0.595348037851438,-0.7825400746301584,1.829427406752064,0.6724606755883862,-0.7565980884742733,0.3588832184335831,0.209525273390671,-0.0132970463352965,-0.026626189366997,-0.0300477711808059,0.232686658070805,-0.2700127365064775,-0.0917690080071253,0.2690947038083889,-0.324033601386213,0.1398990759496136,-0.436090712609562,0.1398990759496124,-0.0203600734923763,-0.1261541625673256,-0.3190309729604702,0.6384783520590532,-0.5424214895687979,-0.0889421809722958,-0.854214048347292,-0.0889421809722965,1.3319560078712451,0.382201846654828,-0.9378664512986604,0.9409446727280756,-0.8803046373229858,-0.0679705815405726,-0.9027137654817085,-0.0679705815405735,-0.3208747582398478,1.1810470040039267,-0.9913067151092404
9,Still,13.5,0.8342082734148105,1.7304235045895298,1.2296056435783884,1.388981210812914,1.1609762431947783,0.0045808368306251,-0.5527547601349367,0.6432292807273425,-0.9195483668333864,-0.685876783850347,-0.8427113741883662,0.5298024007001312,-0.8248424002026441,-0.2235249844095548,-0.7412494425539095,-0.4605582655243892,-0.0414125730188614,0.0195915036728794,-0.2398655222316581,0.2641183900706577,-0.2471592939757107,0.0045808368306251,-0.5527547601349367,-0.3424543376252231,-1.053191689204859,-0.052078872706013,-1.932126300794151,1.5057512872199454,-1.9321263007941407,-0.771646785361055,-1.142866181011633,0.892085780581091,-0.0454167358253288,0.0488740190010308,-0.6230386538750595,0.0582376950369951,-0.6230386538750591,2.23350006211366,0.0190904114961467,0.0686373039327194,-0.3144243927035302,-0.3827510996239836,-1.0497340619140312,0.1665218991425955,-1.049734061914024,-0.771646785361055,-0.1987764495990618,0.2404993209755028
12,Walking,18.0,1.4277358552961312,0.3801800514453787,1.3174092050806967,-0.7798733393975685,1.258750066214595,-0.2260316417858205,-0.3715098731936168,0.4427876418507446,-0.2094948896392073,-0.9682783098781164,-0.7876744938347975,-0.7830822539580437,-0.7718266364963446,-0.2260316417858205,2.8908980917501426,-0.8991954486605716,0.3035543760548159,-0.5541370074859389,-0.0917119159597798,-0.7865642389124187,-0.1004968469398916,-0.2260316417858205,-0.3715098731936168,-0.4769675705622463,-0.214048401331067,0.4568061120213309,1.1067525155310831,0.5550058547804851,1.106752515531075,-0.6213894429873192,-0.9249993199164244,0.5432050559885168,-1.1843496512648777,0.2796234857599886,-0.3178705292539715,0.0676450855742761,-0.3178705292539723,1.4822133502449808,-0.1261541625673256,0.3680021294743395,0.6866588279178356,-0.3044611019736229,0.1761290816123911,-0.4657550363785103,0.1761290816123888,2.534014746861131,0.2369572725913556,-0.4426017213665446
13,Put down,19.5,0.2960095339122567,0.508349644168475,0.8083719922407987,0.6800301754276398,0.7573248564228806,-0.2235249844095548,-0.4585074189254503,0.1999777365614352,-0.5154801543096622,-1.040396019432616,-0.9634835590840604,-0.5070334946307743,-0.9405735621404862,1.6013215855118843,-0.0815180540875048,-0.7266300234350584,-1.7310380550553055,-1.072527672204423,-1.8021657849967492,1.0002578300805167,-1.7442492477738898,-0.2235249844095548,-0.8354967837633959,0.080557494079576,-0.9675375099003573,-0.324033601386213,-0.533926774562189,0.4915243718773389,-0.5339267745621957,-0.771646785361055,-0.8523770328846881,0.6373833927877935,-1.348966277115717,2.9043986701431312,0.1953936903926947,3.271675043675507,0.1953936903926938,-0.4711321006135834,-1.0702438939798968,2.525545482375267,0.0281923245144772,-0.6413141181797798,-0.045152645281804,-0.4518666464673467,-0.0451526452818048,-0.3208747582398478,0.4548241336865642,-0.5108068912186504
14,Still,21.0,0.8136695364711772,1.5258519819423593,1.5536788566100186,0.2611033928395108,1.4866572274358996,-0.2260316417858205,0.1877600636538848,1.0639797075299993,-1.5474468962530326,0.1888182082710623,-0.8344512121367316,0.2250119045692714,-0.8169477471021195,0.9019641775337504,3.0773214040326424,0.1188759222347303,-0.4769176278032488,1.5240668901217034,-0.1162684503287016,0.3277757386506955,-0.1241842312536558,0.2251666859420078,2.1452048426201404,0.423515606805302,0.2557112382920605,-0.324033601386213,-0.1540342632616227,-0.406146513176951,-0.1540342632616246,-0.6213894429873192,-0.4166433106942707,-0.3239527239929074,-0.8189810426691115,-0.491945043715276,-0.1856658451287399,-0.3558991388072125,-0.1856658451287406,0.1298972688813593,1.1810470040039267,0.0251165683586803,-0.2568754909833181,-0.3683292579515486,-0.1678121163766499,-0.5349622519014832,-0.1678121163766506,-0.170617415866112,0.8179355688452453,-0.2666499409527282
15,Put down,22.5,1.0815114325320276,0.5697568027990394,1.3193609293759816,-0.5534432498413048,1.2469851493381083,-0.2235249844095548,-0.3642600777159639,0.4434997960577163,-0.8759559455652669,-0.7333602262797949,-0.8171808705864145,-0.3549269694772433,-0.8003775381214956,0.4607924793109849,1.3321920640547908,-0.5324800145213334,-0.1646449946806611,-0.0582384997077194,-0.0903210352226066,-0.3196799007275533,-0.103856783899377,-0.2235249844095548,1.2379447228453044,-0.1631767130110941,-2.1225305839595,0.6854953156842263,0.8731734886378871,1.2492192160166746,0.8731734886378787,-0.170617415866112,-0.9249993199164244,1.4692177726685274,-0.5994922082013255,1.0810658301281535,-0.0692421153931605,0.1894559809221281,-0.0692421153931611,0.4304119536288309,-0.0535318755355894,0.4707901575290027,-1.316845959876529,1.6095233142680878,-0.4007640854795284,0.2202217745357385,-0.4007640854795299,2.8345294316086025,0.7453132818135091,0.845349758401464
16,Still,24.0,1.1003735378884256,1.0620851269359468,1.4012851451201132,0.3268268448796614,1.3254898537706985,-0.2235249844095548,-0.5527547601349367,0.4730865271405611,-0.5485936281575607,-0.7986945869158022,-0.8880250693676385,-0.2335506872266147,-0.8682647047616248,-0.2235249844095548,-0.2700127365064775,-0.674905355570685,0.0948137434440123,0.0128081547543868,0.0339002517276702,0.1359982750607387,0.0151795148028929,-0.2235249844095548,-0.2700127365064775,-0.2299712221247387,0.3681323486292193,0.8863709675502832,0.1332975508793285,0.268844031661569,0.1332975508793275,-0.170617415866112,-0.4166433106942707,0.7346609709382594,0.0991246917510179,0.1848513833411309,-0.0647133646853133,0.3888337049926242,-0.0647133646853141,-0.3208747582398478,-0.8523770328846881,0.0881183816283403,0.5354256675833245,-0.1808453162098955,0.0358423193008476,-0.3849521225945171,0.035842319300846,0.280154611255095,0.0917126985278829,-0.4001336880944219
17,Still,25.5,0.9172015369829613,2.69258799592308,1.3560832612325615,0.7071658396377982,1.296055299000242,-0.2260316417858205,0.1877600636538848,1.1005550529742132,-2.653604585931568,1.253803988474394,-0.7545395055856972,0.6410893542244943,-0.7398644227288411,6.7675424379955205,4.382284590010146,0.5764513386692933,-1.2687068948751523,1.3787604159203102,-0.0387889626965091,0.7560183944507765,-0.0494470402312929,-0.2260316417858205,2.518051467185141,0.7664997454226747,0.9583431778993023,0.4815292691740762,0.8952598574746188,-0.1845937362356564,0.8952598574746089,-0.3208747582398478,-0.7797547458529518,0.1184145209054553,0.6384783520590532,-0.5424214895687979,0.1559238861466113,-0.6311113766094318,0.1559238861466108,-0.4711321006135834,0.3095795596230918,-0.5103306782574747,0.9409446727280756,0.3290698000654793,0.3177222143204289,-0.6242021579445813,0.3177222143204263,-0.771646785361055,1.5441584391626078,-0.2137197416521683
20,Still,30.0,0.7805560626232787,1.0449482454576495,1.334072332543507,0.8688232009737386,1.2610824995167451,-0.2235249844095548,-0.5527547601349367,0.3260567872222155,-0.0732685731763334,-0.621256459942602,-0.4340481808051465,-0.3897226856255595,-0.4332367813069038,-0.2235249844095548,-0.7412494425539095,-0.6970265640751105,0.1379870068153231,0.15204531676555,0.2849019521267534,0.3334108920695811,0.2557044209362734,-0.2235249844095548,-0.7412494425539095,-0.2083009224484712,0.1633653262293944,0.0519644136451241,0.1695623930860126,0.3970057501664314,0.1695623930860119,-0.4711321006135834,-0.9976216069481606,-0.005430096384119,-0.3853567599400708,-0.0386871625816093,-0.4438220537479834,0.3859611756719903,-0.4438220537479825,-0.170617415866112,-0.9249993199164244,0.0634960503717371,0.0830645331314239,-0.3127021543578712,0.0519716391295649,-0.3230653858380127,0.0519716391295636,0.1298972688813593,-0.1261541625673256,-0.379650870482322
21,Still,31.5,1.1129482747926909,0.6311639614296035,1.276867488853925,-0.0823922598170869,1.219643277016422,-0.2260316417858205,-0.3715098731936168,0.569605858205408,-0.2903923637233139,-0.7483549975733047,-0.6955590844749164,-0.490835337557113,-0.6829715452221973,-0.0004324779219063,-0.1850865609111162,-0.7142930611552212,0.0067905851141554,-0.1914063495286523,-0.0560310868861397,0.163663330903253,-0.0660788994313568,-0.2260316417858205,-0.3715098731936168,-0.1846725242820786,0.2864932089796159,-0.324033601386213,-0.16781211637665,-0.1934071057351511,-0.1678121163766524,-0.170617415866112,-0.7797547458529518,-0.3366282335342936,-0.0869054789259469,-0.1025553185595349,-0.2982575550346025,-0.3886327002608353,-0.2982575550346033,-0.6213894429873192,0.7453132818135091,-0.002054980819268,0.2061924158816454,-0.7597792462033517,-0.164171697538419,-0.5437603712012777,-0.1641716975384197,-0.4711321006135834,0.8905578558769816,-0.4474556584564249
22,Walking,33.0,1.4256400658120874,0.40160115329325,1.3264128240430193,-0.7686678076981104,1.2537426983911817,-0.2235249844095548,-0.2700127365064775,0.444541434130335,-0.2006925738062215,-1.0100494584814652,-0.7833439284613025,-0.7893252711228768,-0.7679529477081913,-0.2235249844095548,2.274665476149654,-0.9075614828232916,0.3127758497846104,-0.5387852178282977,-0.101544020146326,-0.7386172453857164,-0.1146113221794841,-0.2235249844095548,-0.2700127365064775,-0.4669541528470788,0.9583431778993023,-0.324033601386213,0.1518131739656424,-0.5712946186568354,0.1518131739656411,-0.3208747582398478,-0.7071324588212156,-0.7098561257881355,0.6384783520590532,-0.5424214895687979,-0.1032251639739677,-0.8693902558748735,-0.1032251639739685,2.23350006211366,0.0917126985278829,-1.058230921218979,0.9409446727280756,-0.8803046373229858,-0.0768190636928279,-0.9514377323059896,-0.0768190636928288,-0.4711321006135834,0.8179355688452453,-1.1372070936557976
23,Still,34.5,1.3912691182737622,0.4647934037444701,1.327049313642238,-0.7023301333000704,1.2680489743134773,-0.2260316417858205,-0.2782982170523664,0.469688479392055,-0.2136864686072957,-0.9725625302476906,-0.7836480175516343,-0.7760532034113423,-0.767942672671618,-0.2260316417858205,2.704474779467642,-0.8941378071777466,0.2838539549048003,-0.5212913179858696,-0.1027509942352249,-0.7171756552229896,-0.1111452098420738,-0.2260316417858205,-0.2782982170523664,-0.4653819290322596,0.9583431778993023,-0.324033601386213,0.1520918663168945,-0.5713248599560152,0.1520918663168932,-0.3208747582398478,-0.7071324588212156,-0.7097798128716203,0.6384783520590532,-0.5424214895687979,-0.1034864380532666,-0.8691543881341088,-0.1034864380532673,2.083242719739924,0.0917126985278829,-1.0551838423186377,0.9409446727280756,-0.8803046373229858,-0.0757739673756323,-0.9514929999344752,-0.0757739673756334,-0.4711321006135834,0.8179355688452453,-1.1363132917618302
24,Put down,36.0,1.295281959904537,0.5993893270219279,1.3300227650535148,-0.6840073397509351,1.2572019607042086,-0.2235249844095548,-0.2700127365064775,0.4692653730345799,-0.4484148908202475,-0.8729544066550892,-0.7835476578054592,-0.6488583120362569,-0.768148173403085,8.444496222717282,2.6516548409876,-0.7594713333606129,-0.1482978367051163,-0.2449591041483305,-0.1121736880326769,-0.4387526782174841,-0.1247973084358661,-0.2235249844095548,0.4839659931694134,-0.3202550090772565,0.5889595296486382,0.7936591282274877,1.730518252449221,0.9975606172387924,1.7305182524492255,-0.6213894429873192,-1.0702438939798968,0.5793389172405768,-1.3128309202216302,0.4032392715237158,-0.5528081813595214,0.4775449492530292,-0.552808181359521,-0.0203600734923763,-0.3440210236625344,0.7189186054414833,-0.3559131358041483,1.438521477294932,-0.029180089900666,-0.116053808646027,-0.0291800899006669,3.2853014587298097,0.8905578558769816,0.3481620235087694
25,Still,37.5,1.3455809075215983,0.7457668563157147,1.5669957342979497,-0.1781940202888871,1.484283693987456,0.0045808368306251,-0.3642600777159639,0.6107808527331697,-0.3209908901903594,-0.7172943998938915,-0.6729547917195589,-0.2412778325437255,-0.6621714461855439,0.0045808368306251,-0.647002101344423,-0.6873230344383338,-0.0573405730975974,-0.4752359490129463,-0.2809616625669848,-0.3137910119255573,-0.2865400841491734,0.0045808368306251,-0.1757653952969912,-0.5562458036212184,0.6558768572302802,0.306406906008796,2.359892672936308,0.7237116249526212,2.35989267293632,-0.771646785361055,-1.2154884680433693,0.2056597744073716,0.6384783520590532,0.3280396685174482,0.5031397192628649,-0.029184591698202,0.5031397192628602,-0.3208747582398478,-0.4892655977260068,-0.0641620240035471,0.5033053503441363,-0.7216643789262024,0.2642132828800191,-0.4772891865261507,0.2642132828800163,-0.3208747582398478,-0.1261541625673256,-0.504592841861044
28,Put down,42.0,1.4704899607706334,0.3641142250594754,1.3311397022473566,-0.8241335968208526,1.2719945883576438,-0.2260316417858205,-0.3715098731936168,0.45967499360388,-0.175543099997691,-1.041824092889141,-0.7935544274546551,-0.827315643332078,-0.7774984566848342,-0.2260316417858205,0.0013367513713842,-0.9400155189419424,0.353853323671877,-0.5805563664316467,-0.1046257556792374,-0.8196271775191813,-0.1129536162789837,-0.2260316417858205,-0.3715098731936168,-0.4872053478173352,0.3708090417324849,0.2950754589804544,0.0602279000354094,-0.4164984178613809,0.0602279000354085,-0.771646785361055,0.382201846654828,-0.006290219910532,0.6384783520590532,-0.5424214895687979,-0.1079803522172072,-0.8643030601105398,-0.107980352217208,1.932985377366188,0.1643349855596193,-1.0207159529681926,0.9409446727280756,-0.8803046373229858,-0.1077016598659551,-0.9145703884254226,-0.1077016598659559,-0.771646785361055,1.0358024299404542,-0.9958110510501208
29,Still,43.5,0.2742133232781969,1.602610930230565,1.3159439951125815,1.6055785852612352,1.2437108376834003,0.0045808368306251,-0.7412494425539095,0.4769060787236442,-0.9455361564355348,-0.4927298488553746,-0.7991990753153214,0.9933933164913784,-0.783146301787986,-0.2235249844095548,-0.7412494425539095,-0.33479500367681,-0.2442849950743412,0.1966726122819484,-0.0997461980391188,0.7096118294387886,-0.1128885410473524,0.0045808368306251,-0.647002101344423,-0.2105881295004747,-1.9900342753478484,0.8760696520699728,-1.709660131407134,1.6892698494982277,-1.7096601314071256,-0.6213894429873192,-0.9976216069481606,1.6031450259856304,-1.3717181684934752,0.9986553062856688,-0.359012487607568,0.920519536381185,-0.3590124876075683,-0.170617415866112,-0.6345101717894793,0.916652551426854,-0.7948908047397205,1.107849250376961,-0.3366996812354438,0.7327335474033755,-0.3366996812354452,0.280154611255095,-0.6345101717894793,0.9500428731014592
30,Still,45.0,0.4427147977953516,1.7336366698667105,1.3144142379318964,2.5282675314962217,1.2422449324656015,0.0045808368306251,-0.7412494425539095,1.1002574923727235,-0.59595847049696,-0.6137590742958472,-1.0076713815719405,0.201067490658208,-0.9829169878592652,-0.2235249844095548,-0.647002101344423,-0.4671275538436185,-0.0917115206359225,0.1588286656840425,-0.0523094286417925,0.8217451281714551,-0.0674317792468482,-0.2235249844095548,-0.8354967837633959,-0.2026266159239937,-0.5325748806196833,0.7524538663062456,0.8428134406233577,1.3392059463136463,0.8428134406233497,-0.3208747582398478,-1.0702438939798968,0.9659180805909008,-0.620905753027451,0.4465047965410205,-0.4618673834915591,0.8427514038920316,-0.4618673834915587,-0.170617415866112,-0.8523770328846881,0.5324807888204522,-0.5472966926876447,0.2940453274324234,-0.4683469806581711,0.2063839419318526,-0.4683469806581727,-0.0203600734923763,-0.3440210236625344,0.3181323643126533
32,Drinking,48.0,-0.0971605732944374,2.664026526792585,1.4274165139034167,1.3038798723531098,1.3648637939197807,-0.2260316417858205,1.026664968925137,1.7505084891247011,-1.8400191082256043,1.0556587963815856,-0.8312449439853238,0.9008483856116656,-0.8138549610935408,1.8043608329894072,3.263744716315144,0.8838243631169592,-1.5344530014519584,1.1716897647242213,-0.066761255605469,1.3538048434753545,-0.0764292862729122,1.353162505261579,2.1452048426201404,1.3354684378169877,-0.1270558754749322,-0.2941597864933123,-0.1377481789853258,-0.309635341502791,-0.1377481789853274,-0.6213894429873192,1.1084247169721906,-0.000254437297263,0.0134705124465161,0.6793145263960402,0.1800481928018742,-0.3251850291884016,0.1800481928018737,-0.3208747582398478,1.9072698743212888,0.4832916749967631,-0.4482590478668144,1.170687274806856,0.1032510317599578,-0.4156249346046156,0.1032510317599565,-0.3208747582398478,2.778737318702124,0.3763145834492448
33,Put down,49.5,1.4616876449376477,0.3719686290703614,1.3326040992419574,-0.8100112750325392,1.245943945632005,-0.2235249844095548,-0.3642600777159639,0.4161305918997414,-0.1876986790051474,-1.0486074418076334,-0.8038503711243762,-0.8243255431697278,-0.7877769182703763,-0.2235249844095548,0.4839659931694134,-0.9447095002774852,0.3601406921240097,-0.5826984766164338,-0.1006591676088689,-0.8215201232464067,-0.1183993856628595,-0.2235249844095548,-0.2700127365064775,-0.4981221703625912,0.9583431778993023,-0.324033601386213,0.1514822267985305,-0.5712587721469883,0.1514822267985292,-0.3208747582398478,-0.7071324588212156,-0.7098881395777407,0.6384783520590532,-0.5424214895687979,-0.1035386928691263,-0.8694526229629054,-0.1035386928691271,2.083242719739924,0.0917126985278829,-1.059611181202505,0.9409446727280756,-0.8803046373229858,-0.0766971357891551,-0.9514701804511172,-0.076697135789156,-0.4711321006135834,0.8179355688452453,-1.1372333470310223
34,Walking,51.0,1.463364276524883,0.3751817943475422,1.333735252655639,-0.8118827149827662,1.2744982722693492,-0.2260316417858205,-0.3715098731936168,0.459846091101793,-0.1885369947987651,-1.0436091847097968,-0.8034927935186533,-0.8191609869898655,-0.7870850658077706,-0.2260316417858205,1.026664968925137,-0.9415846623596094,0.3429552183548471,-0.5669896685946616,-0.100666742402582,-0.7961076958692019,-0.1091347276858883,-0.2260316417858205,-0.2782982170523664,-0.4797617611478073,0.9583431778993023,-0.324033601386213,0.1514299719826706,-0.5712525444008153,0.1514299719826694,-0.3208747582398478,-0.7071324588212156,-0.709876058306708,0.6384783520590532,-0.5424214895687979,-0.1028767985349025,-0.8694785902477702,-0.1028767985349033,2.083242719739924,0.0917126985278829,-1.0593917893655929,0.9409446727280756,-0.8803046373229858,-0.0769758281404072,-0.951444502019008,-0.0769758281404082,-0.4711321006135834,0.8179355688452453,-1.1372235880270234
35,Still,52.5,1.4755198555323394,0.3662563352442625,1.334175984315095,-0.8254282980184305,1.2611818248702873,-0.2235249844095548,-0.3642600777159639,0.44052689415309,-0.1847645737274855,-1.0489644601717647,-0.8031914556209885,-0.8265807486018957,-0.7869720404054638,-0.2235249844095548,0.0127292871219814,-0.9460153903303994,0.3584640605367742,-0.5826984766164338,-0.1003001988872642,-0.822154072549008,-0.1134194179369756,-0.2235249844095548,-0.2700127365064775,-0.4916334000850038,0.6036813417165994,-0.324033601386213,0.1315383054120495,-0.401913536330305,0.1315383054120485,-0.3208747582398478,-0.0535318755355894,-0.2948126293418017,-2.892079851148383,0.4362034810607096,-0.3144739662230861,0.3042676865929297,-0.3144739662230869,2.23350006211366,0.2369572725913556,0.6514372720338392,-0.272935649602912,-0.6845796431970843,-0.1959252073092091,-0.6395654310092124,-0.1959252073092098,-0.771646785361055,1.5441584391626078,-0.3925037393288234
37,Still,55.5,-0.5247016280394569,0.7800406192723086,0.3934074859848028,2.7278422505198257,0.359680941034201,-0.2235249844095548,-0.7412494425539095,0.6147417027049228,-0.7803879450928507,-0.6151871477523719,-1.059640235326998,0.4069080328883502,-1.0327166651181057,-0.2235249844095548,-0.647002101344423,-0.4901339921492842,-1.9045694243341664,-0.6473188005241787,-1.7822682190507797,2.2836455921972028,-1.7251822049059422,-0.2235249844095548,-0.4585074189254503,0.2832305455110152,0.089756265889588,-0.324033601386213,-0.2087798920107139,-0.2136571564501345,-0.2087798920107159,-0.3208747582398478,-0.7071324588212156,-0.413674314282882,0.6384783520590532,2.787993805215621,2.525261746860544,2.2846363182368346,2.5252617468605414,-0.771646785361055,-1.0702438939798968,1.3076127878401298,-1.6059288150292224,-0.8803046373229858,-1.2990243701090662,0.5706026777675979,-1.2990243701090658,-0.6213894429873192,-0.9249993199164244,0.2578334749673716
38,Still,57.0,1.3870775393056738,0.477646064853193,1.3647114246964824,-0.5824296696113754,1.304378078624655,-0.2260316417858205,-0.3715098731936168,0.4853544576150685,-0.175543099997691,-0.7362163731928445,-0.5660159092412925,-0.4718249157041581,-0.558013400441486,-0.2260316417858205,-0.6511448416173675,-0.7272691051649637,0.0646343748737757,-0.4830903530238325,-0.2456198885964605,-0.3632063555606496,-0.2489574253760465,-0.2260316417858205,-0.5579331854761173,-0.5771489037986558,0.9583431778993023,-0.324033601386213,0.3324929089367922,-0.50094872565204,0.33249290893679,0.1298972688813593,-0.6345101717894793,-0.6507920143863043,-1.4359588029718515,-0.5424214895687979,-0.6204955861698835,-0.1207647025443502,-0.6204955861698832,-0.771646785361055,-0.1261541625673256,0.3006590959977455,0.9409446727280756,-0.8803046373229858,0.1714087299130581,-0.8427926638958955,0.1714087299130557,-0.3208747582398478,0.4548241336865642,-1.0233585074599965
39,Still,58.5,0.1316996383631905,0.7379124523048286,0.5071527956066012,0.7535334926984893,0.4686785290043077,-0.2235249844095548,-0.5527547601349367,0.370959765037424,-0.6613471023991395,-1.0164757890358265,-1.042526970417836,-0.2481734045752061,-1.0163177067470377,-0.2235249844095548,-0.647002101344423,-0.6855208907159149,-1.8454681608841197,-0.7922682563614408,-2.204456181526787,1.3126532568085658,-2.129748069932869,-0.2235249844095548,-0.8354967837633959,0.2051481028942836,0.9583431778993023,-0.2817982079169394,0.4346162373987464,-0.3580847622307063,0.4346162373987436,-0.170617415866112,-0.4892655977260068,-0.3637199919996848,-2.1760644460248133,3.2608241857618783,-0.0005792873534162,3.5582574774909705,-0.0005792873534172,-0.6213894429873192,-0.9249993199164244,4.616046787622883,-0.9461239650742316,-0.7041521426096744,-0.2525171728853457,-0.143393155024132,-0.2525171728853468,-0.4711321006135834,-0.4892655977260068,-0.2357487578591496
40,Still,60.0,1.064325958762865,1.5444169368771812,1.6973892632103282,0.799785625512888,1.625281170859167,-0.0004324779219063,-0.3715098731936168,0.9958282552805634,-0.6328443654161382,-0.6601714616329015,-0.7536873412929642,-0.0998549287970014,-0.739042419802973,-0.2260316417858205,-0.2782982170523664,-0.600159740559757,-0.2430275213839146,0.0028116405587135,-0.1688150310293484,0.4646227602305987,-0.1748709866699959,-0.0004324779219063,-0.5579331854761173,-0.1918240356462637,0.3721473882841177,-0.324033601386213,-0.0584079502382337,-0.2713316288269555,-0.0584079502382352,-0.6213894429873192,-0.2713987366307983,-0.084790324880404,-0.1672062720239174,1.7125364690711935,0.3473158583690151,0.2460053184259271,0.3473158583690147,-0.0203600734923763,0.0917126985278829,1.2344560259167017,0.1446284745065346,-0.6732481961687427,-0.2206591534828361,-0.4260692889555278,-0.2206591534828367,-0.6213894429873192,0.8905578558769816,-0.2297578538836689
41,Drinking,61.5,1.423544276328043,0.4265924387824331,1.335044514677027,-0.7662939307789567,1.26201410283273,-0.2235249844095548,-0.3642600777159639,0.4347702564206651,-0.1977584685285597,-1.0057652381118911,-0.7909498239764856,-0.7878404408334417,-0.7752413736508882,-0.2235249844095548,2.934396864616059,-0.9122620769042724,0.3307996393473907,-0.5662756318663992,-0.1020765758003497,-0.7901615526004541,-0.115121648995961,-0.2235249844095548,-0.2700127365064775,-0.4836078067546967,0.9583431778993023,-0.324033601386213,0.1509596786399327,-0.5711985854734312,0.1509596786399314,-0.3208747582398478,-0.7071324588212156,-0.7098510110824662,0.6384783520590532,-0.5424214895687979,-0.1022149042006787,-0.8694913997646274,-0.1022149042006794,2.083242719739924,0.0917126985278829,-1.059227769232567,0.9409446727280756,-0.8803046373229858,-0.0768016454208746,-0.9514582197507336,-0.0768016454208756,-0.4711321006135834,0.8179355688452453,-1.1371677111045926
43,Walking,64.5,1.4713282765642512,0.3687554637931807,1.335638419576076,-0.8212609376938734,1.2763340788037871,-0.2260316417858205,-0.3715098731936168,0.4634742516247968,-0.1742856263072645,-1.0393249643402225,-0.7915411893130734,-0.8268056961106681,-0.7755564747724709,-0.2260316417858205,-0.1850865609111162,-0.9391024032706184,0.3580449026399654,-0.5834125133446961,-0.1022574490823503,-0.8218717415532006,-0.1106691331475086,-0.2260316417858205,-0.3715098731936168,-0.4876821509314603,0.9583431778993023,-0.324033601386213,0.1508377507362599,-0.5711848310463238,0.1508377507362586,-0.3208747582398478,-0.7071324588212156,-0.7098218564939532,0.6384783520590532,-0.5424214895687979,-0.1025806879116971,-0.869502037979205,-0.1025806879116979,2.083242719739924,0.0917126985278829,-1.0597920400577814,0.9409446727280756,-0.8803046373229858,-0.0769061550525942,-0.9514533455801714,-0.0769061550525952,-0.4711321006135834,0.8179355688452453,-1.1372723792094466
45,Still,67.5,1.4751006976355303,0.3687554637931807,1.3359166192379786,-0.8204240473467248,1.2628498058073605,-0.2235249844095548,-0.2700127365064775,0.4424463251753111,-0.175543099997691,-1.0414670745250096,-0.7914323408442252,-0.8256097068045797,-0.7757037502966889,-0.2235249844095548,0.2954713107504406,-0.937617609376494,0.3584640605367742,-0.583055494980565,-0.1027520994151851,-0.8232671685063957,-0.1157689763000816,-0.2235249844095548,-0.3642600777159639,-0.4948492693548995,0.9583431778993023,-0.324033601386213,0.1507332411045403,-0.5711731674546946,0.1507332411045391,-0.3208747582398478,-0.7071324588212156,-0.7097954994156251,0.6384783520590532,-0.5424214895687979,-0.1021800676567722,-0.8695029455772726,-0.1021800676567729,2.083242719739924,0.0917126985278829,-1.0592272936764986,0.9409446727280756,-0.8803046373229858,-0.0773067753075191,-0.9514120035243356,-0.0773067753075201,-0.4711321006135834,0.8179355688452453,-1.1372270688251809
46,Put down,69.0,1.4717474344610595,0.371254592342099,1.3364408742850664,-0.8150687901471415,1.2771081315589818,-0.2260316417858205,-0.3715098731936168,0.4617639942359908,-0.1776388894817352,-1.040396019432616,-0.7914027126155043,-0.8222410499491867,-0.7754228992970174,-0.2260316417858205,0.2809717197951351,-0.9355545050780696,0.3513383762910239,-0.5787712746109908,-0.1025699093230191,-0.8118926553408762,-0.1109705342203267,-0.2260316417858205,-0.3715098731936168,-0.4893231586813332,0.9583431778993023,-0.324033601386213,0.1509770969118859,-0.5712015270911087,0.1509770969118847,-0.3208747582398478,-0.7071324588212156,-0.7098539689763645,0.6384783520590532,-0.5424214895687979,-0.1022497407445852,-0.8695077785727832,-0.102249740744586,2.083242719739924,0.0917126985278829,-1.0592383029511423,0.9409446727280756,-0.8803046373229858,-0.0770803377721267,-0.9514349468066036,-0.0770803377721278,-0.4711321006135834,0.8179355688452453,-1.137314541525738
48,Still,72.0,0.9100758527372113,1.7611270839048117,1.6633559517693053,1.3892787527739625,1.5924524290073117,-0.0004324779219063,-0.2782982170523664,1.0517616528022782,-1.0126014199249491,-1.1007321229707867,-1.3639541474800223,-0.1391603080194846,-1.3277095401268182,-0.2260316417858205,-0.6511448416173675,-0.5144099025372391,-0.1642258367838523,0.6425885490818015,0.0275129699626688,1.395464475637731,0.0145082124134345,-0.2260316417858205,-0.7443564977586179,0.2395350893955797,0.8071100175647914,3.2608241857618783,3.99623481331322,2.801077887989232,3.9962348133132295,-0.170617415866112,-0.9976216069481606,2.9887861041752948,-0.4495973944184473,1.2118925367280984,0.1043658011649663,0.6696234887977104,0.1043658011649646,-0.4711321006135834,-0.5618878847577431,1.2757141356596804,-0.2006649358147385,-0.2426532090917591,-0.1096350880527667,0.1956523456564763,-0.1096350880527674,-0.0203600734923763,-0.8523770328846881,-0.1471677564906217
49,Still,73.5,1.3032459599439052,1.4722992273226814,1.7912731486223032,0.8753323750838611,1.699199783967854,0.0045808368306251,-0.4585074189254503,1.039169285784115,-0.5762580493469444,-0.7322891711874013,-0.8651358988416832,0.2366526454378484,-0.8463309266897118,-0.2235249844095548,-0.7412494425539095,-0.6358313114004776,-0.3046437322148145,-0.2874442894799418,-0.3928769822903935,0.1534165103075191,-0.3937840658774277,0.0045808368306251,-0.3642600777159639,-0.3820038486401245,-0.3224544720133271,0.4866799269142318,0.809805815271933,0.7734436539965919,0.8098058152719252,-0.4711321006135834,-0.9976216069481606,0.4942497176536663,-0.2046799754696372,0.4032392715237158,0.5350325752092814,0.8731527981017271,0.5350325752092759,-0.3208747582398478,-0.7797547458529518,0.6383497425387739,-1.0558683823081247,-0.0829828191469448,0.2144492799095597,0.2106159557127788,0.2144492799095574,-0.3208747582398478,-0.6345101717894793,-0.0615382888538516
50,Still,75.0,0.4104396397410708,1.7693385062798292,1.4234965581568453,2.3170186032876323,1.3610825804607884,-0.2260316417858205,-0.7443564977586179,0.4457201644731385,-0.5573959439905466,-0.6426775617904734,-0.7511415004684244,0.3037129899779578,-0.7365866860619421,-0.2260316417858205,-0.8375681538998682,-0.6061932605803112,-0.2950031005882111,-0.0728762526370981,-0.3412930838785018,0.6028888984289346,-0.3412443788656938,-0.2260316417858205,-0.8375681538998682,-0.527267233568395,-0.6516877237150064,0.1930924357253794,0.3176699595045693,0.7828889032789219,0.317669959504567,-0.3208747582398478,-0.9249993199164244,0.3809101326425786,-0.9032968754219808,0.8585574157534445,-0.218429614672819,0.8919891201865868,-0.2184296146728193,-0.170617415866112,-0.8523770328846881,0.5666232477154146,-0.288995808222506,-0.2364724198035728,-0.3161809568745054,0.0477832376460835,-0.3161809568745064,-0.170617415866112,-0.7071324588212156,-0.1799706533577342
51,Still,76.5,1.04085311654157,0.8464460350007096,1.4009491704122057,0.1127179271763176,1.3251679026247352,0.0045808368306251,-0.2700127365064775,0.6967786658425389,-0.673502681406596,-0.920080830720406,-1.047884694749255,-0.2853524956463857,-1.021451800021522,-0.2235249844095548,-0.4585074189254503,-0.6800380938097861,-0.0082990991709628,-0.6026915050077803,-0.3481423073524087,-0.4781110254092429,-0.3509166132934075,0.0045808368306251,-0.1757653952969912,-0.5630944328156953,0.2383127331208335,-0.324033601386213,-0.5081303137994134,-0.082951266835915,-0.5081303137994203,-0.771646785361055,-0.4892655977260068,0.0702690440248571,0.3534105365612578,0.0663862553175589,0.0293453038622821,-0.2012743227914832,0.0293453038622808,-0.4711321006135834,0.6000687077500366,0.2615246315818704,0.0603126417536655,-0.3909921520082319,-0.178054060285166,-0.4308035894880284,-0.1780540602851667,-0.0203600734923763,1.762025300257817,0.0644014772608794
52,Still,78.0,1.2336657490736374,0.654727173462262,1.3380504160530926,-0.5690131717772552,1.264894538085457,-0.2235249844095548,-0.2700127365064775,0.4776111326054665,-0.3239249954680213,-0.8572455986333171,-0.7996494243918782,-0.666666433593395,-0.7835778533240668,2.741850691712784,3.4998809118729777,-0.7955406056500501,0.1296038488791462,-0.4016901660019217,-0.1004503152461165,-0.5198642917646064,-0.1135632684490022,-0.2235249844095548,-0.0815180540875048,-0.4034731429397999,0.9583431778993023,-0.324033601386213,0.1643020749561286,-0.5587416212958941,0.1643020749561273,-0.3208747582398478,-0.6345101717894793,-0.5480580601368251,0.4350496762108612,-0.5424214895687979,-0.1131187424434185,-0.8482276878417919,-0.1131187424434192,2.083242719739924,0.7453132818135091,-0.8356085604876532,0.9409446727280756,-0.8803046373229858,-0.0772022656757995,-0.9500520450166114,-0.0772022656758006,-0.4711321006135834,0.8179355688452453,-1.1261591863718976
54,Still,81.0,-0.4132056274883047,0.1956015571895548,-0.3665101161176935,1.0157556026994676,-0.3685177509435584,-0.2235249844095548,-0.647002101344423,-0.0037370332852095,-0.9908052092908896,-1.2317578626069323,-1.3991855680557952,-0.3429067427238286,-1.358089398262026,-0.2235249844095548,-0.647002101344423,-0.509019155445338,-1.9921734247672145,-1.8808172485974315,-2.7367973836091988,-0.0340330041178747,-2.6398693856778284,-0.2235249844095548,-0.7412494425539095,0.2670520051598595,0.9409446727280756,-0.324033601386213,0.115600586574818,-0.5054044102069964,0.1156005865748169,-0.4711321006135834,-0.5618878847577431,-0.5728457958061115,-2.340681071875653,-0.5424214895687979,-1.57033137405302,0.6602120965343556,-1.5703313740530156,-0.771646785361055,0.2369572725913556,1.2808957897414393,0.9409446727280756,-0.5496324104050153,0.2264156327414483,-0.6123992327837045,0.2264156327414457,-0.3208747582398478,0.0190904114961467,-0.525129559700024
55,Still,82.5,-0.928769840563181,0.8617978246583505,0.182624624662835,3.2707036972400108,0.1641298699823786,-0.2260316417858205,-0.6511448416173675,0.6869657652485295,-0.926254893182328,-0.8765245902964011,-1.1778556686853536,0.0503917319291215,-1.1481978011659966,1.578761669125493,-0.1850865609111162,-0.4533543873436842,-1.8433723714000756,-0.1796247435123232,-1.440975596804871,2.23217695035355,-1.402004904576528,-0.2260316417858205,-0.464721529334867,0.3816231309868213,-2.619057154615284,-0.324033601386213,-2.4019841867332974,1.4339429327982736,-2.4019841867332805,-0.771646785361055,-1.0702438939798968,0.8812846337001642,-0.0788753996161499,2.6437753884912727,2.8156069220494087,2.6564987553918624,2.815606922049408,-0.771646785361055,-1.142866181011633,2.0070571472040903,-0.7507253685358366,-0.7638997723954759,-1.0473129221125286,-0.0153282580268448,-1.0473129221125206,-0.771646785361055,0.6000687077500366,0.4752696525246053
57,Still,85.5,1.478034802913193,0.373039684162755,1.3401413224799643,-0.8192282441735677,1.2668981702172624,-0.2235249844095548,-0.2700127365064775,0.4444622817644624,-0.1851837316242944,-1.0493214785358955,-0.8034023333631858,-0.8245705267964694,-0.7871741161247396,-0.2235249844095548,0.3897186519599271,-0.9450215087099496,0.3588832184335831,-0.5809133847957778,-0.0993172941566837,-0.8220574492411822,-0.1124775395844185,-0.2235249844095548,-0.2700127365064775,-0.4920128581126033,0.9583431778993023,-0.324033601386213,0.1481553368554581,-0.5646675803791652,0.1481553368554568,-0.3208747582398478,-0.7071324588212156,-0.6436040495056313,0.6384783520590532,-0.5424214895687979,-0.0995673268637834,-0.8663086502077731,-0.0995673268637841,1.932985377366188,0.1643349855596193,-1.00577366423002,0.9409446727280756,-0.8803046373229858,-0.0713497262995047,-0.9387886662884958,-0.0713497262995057,-0.3208747582398478,1.1810470040039267,-0.9918044761057077
58,Still,87.0,0.6082821670348445,1.3666217915398495,1.2831095922981943,1.0596622489937582,1.2256644484484065,-0.2260316417858205,-0.5579331854761173,0.5185691734332893,-0.4597321540340862,-0.0150392776478457,-0.2728358856956197,1.1502544916176536,-0.2752101438209585,-0.2260316417858205,-0.464721529334867,-0.1361454964741641,-0.3079969953892852,0.4462284488096484,0.080411068434068,0.8285495389026272,0.0655340440366951,-0.2260316417858205,-0.3715098731936168,0.1921778929092974,-0.5339132271713162,0.969811622940799,0.8294362077632556,1.2046399014105589,0.8294362077632471,-0.0203600734923763,-0.9249993199164244,0.8603041892116657,-0.7948908047397205,1.2633991141296514,0.4933332321531806,0.8790046459661915,0.4933332321531758,-0.170617415866112,-0.3440210236625344,0.9713335568816048,-0.6302741788888809,0.4691676905977036,0.2571414644669961,0.6109787553535686,0.2571414644669939,-0.170617415866112,-0.7797547458529518,0.5776029032184712
59,Still,88.5,0.7474425887753801,1.3491278916974214,1.1962369215249344,1.2050926227489258,1.1290003293785094,0.0045808368306251,-0.2700127365064775,0.8012019462668962,-0.4454807855425856,-0.7337172446439262,-0.8600819814269892,-0.2132150306278895,-0.8414879594514725,-0.2235249844095548,-0.7412494425539095,-0.6736061323532486,0.2775665864526677,0.1206277007220054,0.1504334365852972,0.042724150556505,0.1268486122820702,0.0045808368306251,-0.4585074189254503,-0.2408060133359282,-0.4522740875217128,-0.1901165001421751,-0.1030683995263884,0.6551126271967812,-0.1030683995263899,-0.3208747582398478,-0.8523770328846881,0.7011914460196866,-0.179251390988613,0.1797007256009755,-0.6158623258303167,0.7378960269074719,-0.6158623258303164,-0.170617415866112,-0.9976216069481606,0.2049133732302391,-0.5459583461360118,-0.475462938946779,-0.7243433235552105,0.1554484201815295,-0.7243433235552031,-0.170617415866112,-0.4892655977260068,-0.0465959928582685
60,Pick up,90.0,0.7587598519892188,1.595827581312072,1.3207717033524389,0.3092130977042844,1.2619935527595836,-0.2260316417858205,0.0013367513713842,0.8368180223085672,-1.2963713160645358,0.8946435141584199,-0.7337786530039901,0.281462774667737,-0.7198383764473802,-0.2260316417858205,4.009437965445145,0.1979575892062893,-0.8864348929854879,0.5954621250164848,-0.0085939412573376,0.5374484530742928,-0.0203207365580345,-0.0004324779219063,1.95878153033764,0.5403111199939996,0.0951096520961195,-0.324033601386213,-0.3714317155102412,-0.2223742432216087,-0.3714317155102434,-0.6213894429873192,-0.4166433106942707,-0.2002539941771094,0.0348840572726416,0.0900792809222733,-0.0834031704911596,-0.5878808242617855,-0.0834031704911604,0.1298972688813593,1.9798921613530256,-0.2254888287656823,0.0777111469248924,-0.0778321614067896,0.0776810085325744,-0.5843666823110016,0.077681008532573,-0.3208747582398478,1.3262915780673992,-0.3213900369847116
61,Drinking,91.5,1.476777329222766,0.371254592342099,1.33838281656198,-0.8203977792128786,1.2652130642192323,-0.2235249844095548,-0.2700127365064775,0.4440069542693144,-0.1361422576976598,-1.0046941830194975,-0.7394956548803502,-0.8245977229597904,-0.7259348981475686,-0.2235249844095548,-0.3642600777159639,-0.9077513985036554,0.3517575341878327,-0.583055494980565,-0.1068588540895016,-0.8210434537912645,-0.1197043153076748,-0.2235249844095548,-0.3642600777159639,-0.496872749010961,-0.5379282668262148,-0.324033601386213,-0.0736315199253816,-0.3003753800437819,-0.0736315199253832,-0.771646785361055,-0.2713987366307983,-0.1863635633786207,0.6384783520590532,-0.5424214895687979,-0.054854622759769,-0.803813258443639,-0.0548546227597694,1.3319560078712451,0.3095795596230918,-0.8700323448846728,0.6036813417165994,-0.121097686424094,-0.0393001059055092,-0.734970765990174,-0.03930010590551,-0.0203600734923763,1.1810470040039267,-0.5826310457817013
62,Still,93.0,0.1266697436014843,1.4897931271651097,1.195585218065412,2.729096076126472,1.1412378979373707,-0.2260316417858205,-0.2782982170523664,1.1323099884136758,-0.5263782596266922,-0.7712041728777008,-0.7868684884412542,-0.1998196413269343,-0.771049158728961,-0.2260316417858205,-0.091874904769866,-0.5903085993081358,-1.586009422759446,0.2352305956081167,-0.6879890250078051,2.170952709128961,-0.6756694192307358,-0.2260316417858205,-0.5579331854761173,0.3549440988241482,0.8700123054915349,-0.324033601386213,0.7487025172599024,-0.2258873113384358,0.7487025172598939,-0.3208747582398478,-0.7071324588212156,-0.2981566707183129,-2.395553280492599,-0.5424214895687979,-3.4849478271551875,1.570413254359257,-3.48494782715518,-0.771646785361055,-0.9976216069481606,0.8874185447895494,0.3922225865586104,-0.5743555675577607,0.7893741822707612,-0.2602272749616171,0.7893741822707662,-0.6213894429873192,0.3095795596230918,-0.2914254867577213
63,Still,94.5,-1.178587947061251,-1.287452727411398,-1.5973463101388696,-0.1143931088124017,-1.5479789241619326,0.0045808368306251,-0.8354967837633959,-0.5674192253731809,-0.753142681800276,-0.925793124546505,-1.2909480991242677,-0.2399068158743185,-1.2543697540784309,-0.2235249844095548,-0.647002101344423,-0.5672934280012525,-1.8513363714394435,-1.2185481831340788,-2.630718730885929,0.667689119416067,-2.5382184488576685,-0.2235249844095548,-0.8354967837633959,0.1854209552209349,-1.6554476374396376,-0.324033601386213,-1.5001009015374815,1.093306215408755,-1.5001009015374736,-0.771646785361055,-0.9976216069481606,0.5836520239748264,0.046929176237337,4.356884152866927,2.7854558932983187,3.3938201859675625,2.7854558932983213,-0.4711321006135834,-1.0702438939798968,2.4220393374532185,-3.5451929683452104,-0.7566888515592585,-1.4247494570676855,1.1377723798054984,-1.4247494570676855,-0.6213894429873192,-0.8523770328846881,1.00620632437643
64,Pick up,96.0,0.6518745883029641,3.302732380223279,1.351546591553718,0.8238910677110098,1.2778273841191172,-0.2235249844095548,0.6724606755883862,1.3609858658022678,-2.442349005939911,0.7364843788483039,-0.7570199526768459,0.4232742761573588,-0.7427277329206148,7.532072937756562,2.934396864616059,0.3156472303372292,-0.9048778404450768,2.1556323762697738,-0.0988919644732687,0.8236553985592833,-0.1120699631336757,-0.2235249844095548,2.1804181349401683,0.8860423594221706,0.327981952080234,-0.324033601386213,0.0685886705729735,-0.5101156910274133,0.0685886705729724,-0.6213894429873192,-0.3440210236625344,-0.3249299350671619,0.4430797555206584,0.1498269107080748,-0.0132423710634346,-0.5365802357616183,-0.0132423710634351,1.0314413231237738,1.834647587289553,-0.1354690650106392,-0.4054319582145634,-0.0067530845926464,-0.1129271414519326,-0.6950205126901539,-0.1129271414519335,-0.6213894429873192,5.393139651844629,-0.0159681173177075
65,Put down,97.5,1.4700708028738247,0.3644712434236065,1.3298898612846817,-0.8233275970298001,1.2707889840663695,-0.2260316417858205,-0.3715098731936168,0.4582724661078644,-0.1487169946019251,-1.017903862492351,-0.7552958013954977,-0.825759146981214,-0.7405939503255489,-0.2260316417858205,-0.2782982170523664,-0.9164149940505308,0.3764878500995545,-0.5587782462196442,-0.0754213752303679,-0.8190792460901163,-0.0847828910070462,-0.2260316417858205,-0.3715098731936168,-0.4678586326490082,0.9583431778993023,-0.324033601386213,0.1508029141923533,-0.5711809570218637,0.1508029141923521,-0.3208747582398478,-0.7071324588212156,-0.7098851190441308,0.6384783520590532,-0.5424214895687979,-0.1015530098664549,-0.8695552720603884,-0.1015530098664556,2.083242719739924,0.0917126985278829,-1.0597851506259226,0.9409446727280756,-0.8803046373229858,-0.0774112849392387,-0.9514042807331082,-0.0774112849392396,-0.4711321006135834,0.8179355688452453,-1.1372687312351617
66,Put down,99.0,1.2780964861353747,0.9910384724738406,1.3500668731593175,-0.3890552273479868,1.2764094290719925,-0.2235249844095548,-0.0815180540875048,0.6806916707017681,-0.8365551032652356,-0.7501400893939607,-0.7884049942740372,-0.3108836168027253,-0.7728027649708129,1.1451099430315246,0.5782133343788998,-0.546311790612209,-0.1906327842828094,-0.1075070339578233,-0.0466586199907095,-0.2403263107017318,-0.0620168349726921,-0.2235249844095548,0.4839659931694134,-0.1324416421425614,-2.328635952910957,-0.324033601386213,-1.8974639396071664,1.538550136187245,-1.897463939607157,-0.771646785361055,-0.9976216069481606,1.184881583787815,0.0295306710661101,-0.5424214895687979,-0.2020738573087094,-0.3406336622397562,-0.2020738573087099,0.1298972688813593,-0.3440210236625344,-0.3918951361048026,-0.7627704875005323,-0.6928206955813327,-0.6250765916935905,-0.0830513674907655,-0.6250765916935868,0.5806692960025666,-0.4892655977260068,-0.0744095184027635
67,Still,100.5,0.5164865876337079,1.424815784893233,1.2371043131229624,1.6253733743661836,1.168161918771742,0.0045808368306251,-0.4585074189254503,0.8592112939861327,-0.6102098389884607,-0.6062616886490921,-0.89988426171697,-0.0389471075862119,-0.8796288952117509,-0.2235249844095548,-0.7412494425539095,-0.5619609172078811,0.0939754276503946,-0.1471360723763851,0.0150070357064023,0.0614919631524724,-0.0029250996393509,0.0045808368306251,-0.3642600777159639,-0.2581854248946167,-0.3692966013204768,0.0169399410120679,-0.3317006371848583,0.9114513336552102,-0.3317006371848603,-0.6213894429873192,-1.0702438939798968,0.534384468609497,-0.2956875409806704,0.2652016440875537,-0.5797194115273058,0.3711729322033298,-0.5797194115273052,-0.3208747582398478,-0.7071324588212156,0.2708642765396925,-0.0387250030671647,0.375425719726877,-0.6019799630835699,0.142801747611631,-0.6019799630835716,0.1298972688813593,-0.2713987366307983,0.1517571791975885
68,Still,102.0,0.6154078512805947,0.7432677277667964,1.174494151820271,0.8532610088986206,1.1208933255221374,-0.2260316417858205,-0.6511448416173675,0.3498107140870692,-0.6055991021235634,-0.8879491779485991,-1.0063469527191842,-0.1650876362453938,-0.9827594372984738,-0.2260316417858205,-0.6511448416173675,-0.7040807670025491,0.0348741642003478,-0.3174338320669615,-0.1303327118433487,-0.0835702711875992,-0.1377507045426703,-0.2260316417858205,-0.7443564977586179,-0.5414169827598445,-0.7681238737070635,-0.324033601386213,-0.9807228684352216,0.6652468490767511,-0.9807228684352138,-0.170617415866112,-0.8523770328846881,0.7375527658136128,-0.8591314392180968,0.4516554542811757,-0.1675682605693043,0.743755724478541,-0.1675682605693054,-0.3208747582398478,-0.8523770328846881,0.4620070550416948,0.046929176237337,-0.5846568830380714,-0.4371682738618385,-0.1375960237950187,-0.4371682738618402,-0.3208747582398478,-0.4892655977260068,-0.2721901657094829
69,Walking,103.5,0.0608619538024961,2.9185806204181213,1.442392008052501,1.1972288590695996,1.364880918980736,-0.2235249844095548,0.3897186519599271,1.5821069152191125,-2.62384437525814,2.121715631677312,-0.7461901296453586,1.2915772681142876,-0.7323499459815305,0.0045808368306251,3.5941282530824634,1.1974742095001376,-1.2217612104325617,2.161344670095873,-0.0580352954723016,0.954798648663248,-0.0729186487770177,-0.2235249844095548,2.3689128173591407,1.1043538183304824,-1.5510566064122764,-0.324033601386213,-1.0470342297612765,0.6755204119800332,-1.0470342297612685,-0.6213894429873192,-0.1261541625673256,1.0814975448680335,0.1299066624385733,0.8461958371770718,0.0827845622148791,-0.3996995569903707,0.0827845622148776,4.337102855345959,2.2703813094799705,0.333294991338359,-0.7560787547423679,0.0911094124703044,-0.1006646779968386,-0.5257564149863804,-0.1006646779968395,0.5806692960025666,3.650204763082959,0.2788106048362624
70,Pick up,105.0,1.4683941712865891,0.3801800514453787,1.3395051150543529,-0.8134490554705952,1.2800639170799155,-0.2260316417858205,-0.3715098731936168,0.4699811587691408,-0.1684174157519407,-1.026829321595631,-0.7800902316294741,-0.8200277071259031,-0.7645108104561189,-0.2260316417858205,0.1877600636538848,-0.9276153093121012,0.3530150078782593,-0.5644905400457433,-0.0947051430380043,-0.8067144249342356,-0.1033841322170028,-0.2260316417858205,-0.3715098731936168,-0.4803834327132135,0.9583431778993023,-0.324033601386213,0.1497578178751578,-0.5710602663222675,0.1497578178751566,-0.3208747582398478,-0.7071324588212156,-0.7097075250373784,0.6384783520590532,-0.5424214895687979,-0.1014136636908288,-0.8695422255187624,-0.1014136636908295,1.932985377366188,0.0917126985278829,-1.05953145712659,0.9409446727280756,-0.8803046373229858,-0.0773241935794724,-0.951404446452015,-0.0773241935794734,-0.4711321006135834,0.8179355688452453,-1.137150113476908
71,Put down,106.5,1.479711434500428,0.3708975739779678,1.3397874767769555,-0.8258200752893475,1.2665590940103408,-0.2235249844095548,-0.2700127365064775,0.4428001862566935,-0.1638066788870434,-1.0336126705141235,-0.7796231872811776,-0.8271223682032632,-0.7643875100172387,-0.2235249844095548,-0.1757653952969912,-0.9321059422655912,0.3584640605367742,-0.5769861827903349,-0.095392823632402,-0.8218413055867065,-0.108716876198572,-0.2235249844095548,-0.2700127365064775,-0.4879860223691097,0.9583431778993023,-0.324033601386213,0.1498449092349241,-0.5710718653723025,0.1498449092349229,-0.3208747582398478,-0.7071324588212156,-0.7097687668422169,0.6384783520590532,-0.5424214895687979,-0.1014485002347353,-0.8695631208130256,-0.101448500234736,2.083242719739924,0.0917126985278829,-1.0597874924487811,0.9409446727280756,-0.8803046373229858,-0.0775506311148647,-0.951389439671966,-0.0775506311148657,-0.4711321006135834,0.8179355688452453,-1.1371641229830551
72,Still,108.0,0.8073821680190446,1.602610930230565,1.6241864928216545,1.3666584271043734,1.539087314057518,-0.2235249844095548,-0.5527547601349367,0.5891539663756519,-1.5922967912115786,-0.7005145367797256,-0.9270517484702157,0.4853659455898019,-0.9056624128764308,0.232686658070805,-0.1757653952969912,-0.1116612778043167,-0.5284740491107364,0.5883217577338611,0.2829218458695112,1.1885627674638513,0.2538069641823933,-0.2235249844095548,-0.647002101344423,0.1574342528430354,-1.391793366767968,-0.1231579495201562,0.2601025706990501,0.0861244380925514,0.2601025706990483,-0.0203600734923763,-0.1987764495990618,0.3457792306196364,-3.2708319252604783,1.191289905767477,-3.062136693761792,2.134896242180273,-3.062136693761785,-0.771646785361055,-0.8523770328846881,2.135673166516661,-1.1642744529903848,2.007154091808077,0.8117218251867917,0.3893681553610704,0.8117218251867973,-0.771646785361055,0.1643349855596193,0.9712063951318636
73,Still,109.5,-0.73721468172154,-1.1271514819164947,-1.282075361686596,-0.4053193969546177,-1.2487287589996614,-0.2260316417858205,-0.7443564977586179,-0.6726090745087454,-0.7221249974364217,-1.1853454752698782,-1.251077885538434,-0.472861996985694,-1.2188284025712102,-0.0004324779219063,-0.5579331854761173,-0.6080035504763952,-2.017322898575745,-2.308168230462463,-2.913391220688088,-0.5104877323526853,-2.822306085049865,-0.2260316417858205,-0.7443564977586179,0.444411207002635,0.9583431778993023,-0.324033601386213,0.1108279800596253,-0.5240714440902388,0.1108279800596242,0.1298972688813593,-0.7071324588212156,-0.6592087649723849,-1.0545300357564915,-0.5424214895687979,-0.4769341887311276,-0.2966337306090362,-0.4769341887311272,-0.6213894429873192,1.0358024299404542,0.0309374242830952,0.7388543434315165,-0.8803046373229858,-0.0138171740378921,-0.8602174189226044,-0.0138171740378929,-0.3208747582398478,0.8179355688452453,-0.948864504490854
74,Pick up,111.0,-1.3709814216965095,0.9788998480933802,0.5890305467634691,3.891595122691441,0.5471387082784143,-0.2235249844095548,-0.647002101344423,0.6163815482664987,-0.6776942603746844,-0.4106156251052014,-0.8328179913001957,0.3264018807572881,-0.8153619664576324,-0.2235249844095548,-0.2700127365064775,-0.3992508630722082,-1.6321167914084185,-0.0564534078870634,-0.8562683110723368,1.905400215503795,-0.8378334714435507,-0.2235249844095548,-0.2700127365064775,0.1784150418654873,-0.5205297616549879,-0.324033601386213,-0.6296053424014377,0.1495706573423469,-0.6296053424014443,-0.771646785361055,-0.7797547458529518,0.1970868852464555,0.5180271624120976,3.7449860133364767,3.18820117740156,3.2815418255215936,3.1882011774015604,-0.771646785361055,-1.0702438939798968,2.710418646403788,-1.145537601267525,-0.4105646514208221,-1.1065524650255605,0.3141726755884044,-1.1065524650255527,-0.6213894429873192,0.8905578558769816,0.907581166774212
75,Drinking,112.5,1.4340232237482642,0.3944607860106263,1.341642627155291,-0.7881314137471783,1.2821257744189678,-0.2260316417858205,-0.2782982170523664,0.4745089749582657,-0.1784772052753529,-0.9814879893509704,-0.7659087975245762,-0.7898249576109816,-0.7508313117647976,-0.2260316417858205,1.026664968925137,-0.8985680042635741,0.2897221654601241,-0.5212913179858696,-0.1009792026432508,-0.7293962648828977,-0.1094361287587063,-0.2260316417858205,-0.2782982170523664,-0.4664059942906778,0.9583431778993023,-0.324033601386213,0.1495836351556252,-0.5710267841613653,0.149583635155624,-0.3208747582398478,-0.7071324588212156,-0.7095570898036228,0.6384783520590532,-0.5424214895687979,-0.1010478799798104,-0.8694290960574313,-0.1010478799798111,2.23350006211366,0.0917126985278829,-1.0572491906800796,0.9409446727280756,-0.8803046373229858,-0.0773938666672854,-0.951313154967327,-0.0773938666672864,-0.4711321006135834,0.8179355688452453,-1.1369420091404867
79,Still,118.5,1.1925882751863708,1.037450859810895,1.389000623087367,-0.0260367404366686,1.3137180868698313,0.0045808368306251,-0.1757653952969912,0.7051659457615581,-0.4220079433212904,-0.7333602262797949,-0.7085573881606956,-0.2674150031752607,-0.6962879926212601,0.0045808368306251,-0.2700127365064775,-0.6404924426973451,-0.0694961521050539,-0.3966919089040851,-0.2042772225866025,-0.2259064862564703,-0.2130564475887594,-0.2235249844095548,-0.1757653952969912,-0.3898102856253023,-0.3023792737388345,0.1663090154765718,1.6264614958004555,0.6650855065445049,1.6264614958004593,-0.4711321006135834,-0.9249993199164244,0.69805212122285,0.0067787796883517,-0.3992332043924804,-0.477439318617772,-0.02744126038669,-0.4774393186177716,-0.3208747582398478,-0.3440210236625344,-0.088951455671823,0.5193655089637303,-0.1252182126162184,-0.1603570959806553,-0.3575707086064783,-0.1603570959806558,-0.4711321006135834,0.0917126985278829,-0.2430179452443364
80,Still,120.0,1.1104333274118376,0.7300580482939426,1.3557636996227862,0.0187543583932332,1.2957470479030395,-0.2260316417858205,-0.3715098731936168,0.5782826636692421,-0.4660195224862189,-0.6737381594698866,-0.7103618883765986,-0.0856818084261056,-0.6972504210469639,-0.0004324779219063,-0.6511448416173675,-0.57695685891145,-0.0933881522231579,-0.2585258019853156,-0.2397896645603458,0.1594220019982359,-0.2433335553582333,-0.2260316417858205,-0.464721529334867,-0.3631055138360783,0.6786287486080385,0.597934134101586,2.107345147886014,0.8752922851854095,2.1073451478860186,-0.771646785361055,-1.142866181011633,0.7851802936900883,-0.3371762840812886,-0.5424214895687979,0.7513152580528915,-0.2004043827521176,0.7513152580528857,-0.771646785361055,-0.0535318755355894,0.3253666253741802,0.3775007744906491,-0.2302916305153865,0.339756328341301,-0.3888558210867462,0.3397563283412981,-0.3208747582398478,0.1643349855596193,-0.222712849641494
81,Walking,121.5,1.312048275776891,0.4487275773585668,1.347093139574434,-0.6750955616788248,1.2735598189289836,-0.2235249844095548,-0.2700127365064775,0.4818553153122316,-0.2266803634083698,-0.941144914204146,-0.7854777252764173,-0.7448681316124018,-0.7699976799862882,-0.2235249844095548,1.5206867464737637,-0.8752644414982701,0.2105013229632529,-0.480234206110783,-0.113456825480962,-0.6385528207334548,-0.1260268878124778,-0.2235249844095548,-0.0815180540875048,-0.4402091040354886,0.9583431778993023,-0.324033601386213,0.1498797457788307,-0.571021236953002,0.1498797457788294,-0.3208747582398478,-0.7071324588212156,-0.7086372027684004,0.6384783520590532,-0.5424214895687979,-0.101431081962782,-0.869195240111163,-0.1014310819627828,2.083242719739924,0.0917126985278829,-1.055561874564106,0.9409446727280756,-0.8803046373229858,-0.0778641600100234,-0.9508889224523092,-0.0778641600100244,-0.4711321006135834,0.8179355688452453,-1.134755170712821
82,Still,123.0,1.479711434500428,0.3787519779888539,1.34690829234747,-0.8189100886954176,1.2872050674983957,-0.2260316417858205,-0.3715098731936168,0.4727238858495901,-0.1717706789264114,-1.0382539092478291,-0.7863536391810614,-0.8268131196408748,-0.7705525319612491,-0.2260316417858205,-0.1850865609111162,-0.9358860081535642,0.350919218394215,-0.5880537520784016,-0.1118016891609596,-0.8225804535612442,-0.1198755659172308,-0.2260316417858205,-0.3715098731936168,-0.4938028704282058,0.9583431778993023,-0.324033601386213,0.1493920341641394,-0.5710194610213106,0.1493920341641382,-0.3208747582398478,-0.7071324588212156,-0.7097857599642157,0.6384783520590532,-0.5424214895687979,-0.1004730770053528,-0.8696121691105035,-0.1004730770053536,2.083242719739924,0.0917126985278829,-1.0598844329737451,0.9409446727280756,-0.8803046373229858,-0.0775157945709582,-0.951392943017742,-0.0775157945709592,-0.4711321006135834,0.8179355688452453,-1.137134119598232
83,Still,124.5,1.4826455397780898,0.3755388127116734,1.346664235691999,-0.8245647836706556,1.2731488174660504,-0.2235249844095548,-0.2700127365064775,0.4499668769177526,-0.1688365736487495,-1.037896890883698,-0.7853204605195244,-0.8270346678323113,-0.7698469794498791,-0.2235249844095548,-0.0815180540875048,-0.9350399028439896,0.3513383762910239,-0.588767788806664,-0.1116482807766939,-0.8239220078309795,-0.1242938316437721,-0.2235249844095548,-0.3642600777159639,-0.4996798005554035,0.9583431778993023,-0.324033601386213,0.1490088321811677,-0.5709757693966873,0.1490088321811664,-0.3208747582398478,-0.7071324588212156,-0.7096918725147146,0.6384783520590532,-0.5424214895687979,-0.1006298414529322,-0.8696046435237895,-0.1006298414529329,1.932985377366188,0.0917126985278829,-1.0598186915950616,0.9409446727280756,-0.8803046373229858,-0.077568049386818,-0.9513906102489558,-0.077568049386819,-0.4711321006135834,0.8179355688452453,-1.1372222122905755
84,Still,126.0,1.484741329262134,0.3737537208910174,1.3471646235548391,-0.8240937303357354,1.2736283191728055,-0.2235249844095548,-0.2700127365064775,0.4491361702918611,-0.1692557315455584,-1.0353977623347794,-0.7858315709794262,-0.8267939606899032,-0.7703367561932087,-0.2235249844095548,-0.0815180540875048,-0.9355107402804926,0.3513383762910239,-0.5901958622631888,-0.1118877521110535,-0.8228958624527091,-0.1245233074605773,-0.2235249844095548,-0.3642600777159639,-0.5024486588010129,0.5006286572408705,-0.324033601386213,0.0653488719896675,-0.5025836636418133,0.0653488719896662,-0.4711321006135834,-0.6345101717894793,-0.5332765812627087,0.6384783520590532,-0.5424214895687979,-0.1077016598659551,-0.8670426520489821,-0.1077016598659558,2.23350006211366,0.0917126985278829,-1.0264369556340152,0.9409446727280756,-0.8803046373229858,-0.1040264044838175,-0.937783109019304,-0.1040264044838183,-0.4711321006135834,0.7453132818135091,-1.111363044333945
85,Still,127.5,0.4586427978740877,1.849667638209346,1.3390080192169245,2.6753193687352708,1.2795844153731586,-0.2260316417858205,-0.7443564977586179,0.6866343405550484,-0.763621629220497,-0.3752708070562139,-0.9224549287841762,0.3282859148038013,-0.9018366742589532,0.6763650136698363,-0.464721529334867,-0.2585363969992768,-1.2674494211847256,0.3991020247443316,-0.1943124968048295,2.444068286489932,-0.1994659992144067,-0.2260316417858205,-0.091874904769866,0.4298276039783192,0.3293202986318668,0.2672619071836157,0.6144947318600464,0.2590646168900227,0.6144947318600438,-0.3208747582398478,-0.5618878847577431,0.3477372968330713,-3.5237794235190854,-0.1231579495201562,-3.6114218998077967,2.2793791914856363,-3.6114218998077874,-0.771646785361055,-1.0702438939798968,1.5696118715524212,-0.7346652099162426,1.1253614866934891,1.0010410230467577,0.2515342725146269,1.0010410230467546,-0.771646785361055,0.382201846654828,0.6068425284600214
86,Still,129.0,-1.8500788977490168,-1.3845617224550808,-1.641330403282593,0.2819013020233122,-1.5901271241858177,0.232686658070805,-0.7412494425539095,-0.2614063653743491,-0.9174525773493424,-0.3202899789800111,-1.1338584779833785,0.2037282265194215,-1.103837043266649,1.3732157642717049,-0.2700127365064775,-0.3326247844510575,-1.9200782665160931,-1.4616776891074177,-2.746068855867838,0.2718746530625799,-2.6487538673015862,-0.2235249844095548,-0.8354967837633959,0.2483049571936494,-1.2124549288491673,-0.324033601386213,-0.3626877429897054,0.3775670896739238,-0.3626877429897072,-0.0203600734923763,-0.6345101717894793,0.3066753914939897,0.124553276232042,3.822245879438806,3.2767034171960665,3.6544352313297255,3.276703417196066,-0.6213894429873192,-1.0702438939798968,2.376863189975674,-1.9271319874211044,-0.7762613509718487,-1.4294001356792057,0.7622694938245856,-1.429400135679206,-0.771646785361055,-0.7071324588212156,0.7369290241333205
87,Walking,130.5,0.7562449046083659,3.9118057094310847,1.4279915601997408,0.9240909213171278,1.351081544862726,-0.2235249844095548,0.4839659931694134,1.488156253603902,-1.1798454207516775,0.9374857178541622,-0.7551256271960907,0.3123066205290689,-0.7409124764593229,7.303967116516382,2.934396864616059,0.191491254155798,-1.442657422050822,1.9560591107204404,-0.0503150255884692,0.9304189285287042,-0.0655206224442047,-0.2235249844095548,2.274665476149654,1.109203088833102,0.1352600486451048,-0.0005722953044599,0.1553665014441071,-0.4474184340953565,0.1553665014441058,0.1298972688813593,1.2536692910356628,-0.0551974022440706,-0.722620090951547,-0.5424214895687979,-0.1114988431517654,-0.6665935364039807,-0.1114988431517662,2.534014746861131,1.9072698743212888,-0.3382845746170267,0.2356360400175679,-0.1355195280965289,0.0394653198671254,-0.7215327988684701,0.0394653198671241,-0.3208747582398478,4.0133161982416405,-0.1837549576508973
88,Still,132.0,1.4813880660876635,0.3833932167225595,1.3484705935508137,-0.813783474078206,1.288712072862485,-0.2260316417858205,-0.3715098731936168,0.4710904827296888,-0.1801538368625883,-1.0428951479815345,-0.7937745698969444,-0.8253987521880883,-0.7777108074406835,-0.2260316417858205,0.0013367513713842,-0.9384397937717422,0.3513383762910239,-0.5898388438990575,-0.1115779960341172,-0.8238664885570778,-0.119659790149191,-0.2260316417858205,-0.3715098731936168,-0.4942832858838188,0.9583431778993023,-0.324033601386213,0.1492875245324198,-0.5710066940495235,0.1492875245324186,-0.3208747582398478,-0.7071324588212156,-0.7097035842738493,0.6384783520590532,-0.5424214895687979,-0.1012046444273897,-0.8695652163402449,-0.1012046444273905,2.083242719739924,0.0917126985278829,-1.0597163415113855,0.9409446727280756,-0.8803046373229858,-0.0776725590185375,-0.951376155116516,-0.0776725590185385,-0.4711321006135834,0.8179355688452453,-1.1371513589065694
89,Put down,133.5,1.3317486969269066,0.4919267994184404,1.3470788427783529,-0.6482458607330539,1.2735461188802186,-0.2235249844095548,-0.2700127365064775,0.4713115327531944,-0.4446424697489679,-0.6826636185731664,-0.7869431468747374,-0.4356936234159607,-0.771401934984646,1.1451099430315246,3.028644205825546,-0.5971861981435562,-0.3121885743573737,-0.1125052910556599,-0.1194829250291756,-0.3261626177082297,-0.1318014583667004,-0.2235249844095548,1.61493408768325,-0.220503906509705,-1.680876221920662,1.3282974016556082,1.83309445598196,1.7231352392247017,1.833094455981964,-0.6213894429873192,-0.9249993199164244,1.831821218908429,-1.3007858012569344,0.7473032085660899,0.026297106270462,0.4366904437738622,0.0262971062704607,0.4304119536288309,-0.2713987366307983,0.6224525684386512,0.1232149296804091,0.2435688815789013,-0.1095479966930005,-0.1483123075696916,-0.1095479966930012,0.280154611255095,0.0190904114961467,-0.0624485570422469
91,Still,136.5,1.0542661692394528,5.443057473189748,1.2717597468237218,2.2472831790489995,1.2013708369768137,0.232686658070805,0.8609553580073588,2.664639593258465,-6.901769870089186,3.7175877193437192,-1.043588507526863,2.478400046178748,-1.0173349353677994,0.0045808368306251,5.102085712434246,2.216241602111957,-0.0946456259135844,3.347716694103809,0.1240844414076982,0.8643071288464996,0.1015994224091563,-0.2235249844095548,1.9919234525211955,1.1835165514909358,-0.7868607254299232,1.2088021420840052,1.417511905449167,0.2961325989402012,1.417511905449173,-0.771646785361055,-0.7797547458529518,1.636008948924509,-0.6623944961280692,1.5951014725956532,0.1102357588132144,-0.0932093449641239,0.1102357588132132,-0.4711321006135834,2.85135960573386,1.0589533433826357,-0.644995990956842,0.3898475613993121,0.1956723827439471,-0.2829748912553797,0.1956723827439443,-0.4711321006135834,5.102650503717684,0.7992034158200433
92,Walking,138.0,1.423963434224852,0.418738034771547,1.34289702992461,-0.7570256733263149,1.269538854616612,-0.2235249844095548,-0.2700127365064775,0.4541987058450586,-0.1948243632508978,-1.0368258357913045,-0.8002320188321861,-0.8109013677980734,-0.7841361303112189,-0.2235249844095548,1.1436973816358182,-0.9334292043176264,0.3559491131559211,-0.5648475584098744,-0.0939416988301632,-0.8053470407977051,-0.1073263212489784,-0.2235249844095548,-0.2700127365064775,-0.4841136907944715,0.9583431778993023,0.3002261167206097,0.179560481187183,-0.5118479728444014,0.1795604811871821,-0.3208747582398478,0.4548241336865642,-0.1529139505143647,-0.1083190237520724,-0.5424214895687979,-0.1213924216212162,-0.8240675448392464,-0.121392421621217,1.7827280349924524,1.616780726194344,-0.657611748017017,0.9409446727280756,-0.8803046373229858,-0.0824800020776369,-0.9480011330322008,-0.0824800020776378,-0.4711321006135834,0.8179355688452453,-1.1050963986039346
93,Still,139.5,1.4788731187068105,0.376609867804067,1.3435670981830456,-0.8126452465966993,1.2839821310265536,-0.2260316417858205,-0.3715098731936168,0.4684951221165554,-0.1851837316242944,-1.0446802398021904,-0.7995479829802102,-0.8245174945158995,-0.7832798772634396,-0.2260316417858205,0.3741833759363852,-0.9414696794063911,0.3630747974016715,-0.5769861827903349,-0.0941902937778114,-0.8194050452429277,-0.102887505449291,-0.2260316417858205,-0.3715098731936168,-0.4798650218333121,0.9583431778993023,-0.324033601386213,0.1492004331726535,-0.5709971608060038,0.1492004331726523,-0.3208747582398478,-0.7071324588212156,-0.7098110497362005,0.6384783520590532,-0.5424214895687979,-0.1004730770053528,-0.869609698609195,-0.1004730770053536,2.083242719739924,0.0917126985278829,-1.0597363543057148,0.9409446727280756,-0.8803046373229858,-0.0780209244576027,-0.9513452228154832,-0.0780209244576037,-0.4711321006135834,0.8179355688452453,-1.1372092689658462
94,Still,141.0,1.4776156450163838,0.3741107392551486,1.3433438048021464,-0.8174919784450766,1.2699669811405014,-0.2235249844095548,-0.2700127365064775,0.4461923341524134,-0.1847645737274855,-1.0468223499869775,-0.8001104960654961,-0.823354870885918,-0.784019679896721,-0.2235249844095548,0.2954713107504406,-0.942584436144754,0.3580449026399654,-0.5766291644262036,-0.0945564610616536,-0.8129961904945572,-0.1079154233458508,-0.2235249844095548,-0.3642600777159639,-0.4888753441272425,0.9583431778993023,-0.324033601386213,0.1493223610763264,-0.5710108923679325,0.1493223610763251,-0.3208747582398478,-0.7071324588212156,-0.7097244638517125,0.6384783520590532,-0.5424214895687979,-0.1005079135492594,-0.869607865065802,-0.1005079135492601,2.083242719739924,0.0917126985278829,-1.059796194466379,0.9409446727280756,-0.8803046373229858,-0.0780731792734625,-0.951342165498424,-0.0780731792734635,-0.4711321006135834,0.8179355688452453,-1.137221592180615
96,Still,144.0,0.7432510098072918,1.0899325593381797,1.373513618732438,1.347025357346521,1.298877509045721,-0.2235249844095548,-0.5527547601349367,0.5845568695051636,-1.4782858432795734,-1.2281876789656208,-1.7220072235686423,0.0815845607925176,-1.6674364993637096,-0.2235249844095548,-0.8354967837633959,-0.3598345979867023,-1.267030263287917,1.2206012806101938,0.2050650686104727,4.514133562182653,0.1791999236232922,-0.2235249844095548,-0.9297441249728824,0.5521651705521774,0.7562528486027433,3.4493382590515616,3.2404908298052426,3.176741049721379,3.2404908298052515,-0.771646785361055,-1.142866181011633,3.827839862796397,-1.7076431529533185,0.355853220314287,-2.496530566895584,1.707792949659718,-2.496530566895576,-0.771646785361055,-0.9976216069481606,1.563820573307036,0.6532001641270145,-0.2210204465831069,0.7602856681088195,-0.206543674514483,0.7602856681088247,-0.4711321006135834,-0.6345101717894793,-0.280472034356744
97,Still,145.5,-0.6030841547427103,1.255232061930919,0.1007806637953889,3.627771779493876,0.0792683429230735,-0.2235249844095548,-0.7412494425539095,0.7740474100832898,-0.7816454187832773,-1.0661013416500618,-1.1807233755374578,-0.2798349811902964,-1.1487458031165751,-0.2235249844095548,-0.4585074189254503,-0.6286596946617357,-2.034089214448098,0.1770366022547331,-1.2398084595419183,4.088347174317389,-1.2053646796479296,-0.2235249844095548,-0.647002101344423,0.5441165288435243,-0.9113269547317776,2.0813235632663134,-0.8070278605173283,0.4732125985872179,-0.8070278605173344,-0.6213894429873192,-0.8523770328846881,1.3690208723525894,0.5528241727545514,4.645320986315623,3.159130081511572,3.658731669031568,3.1591300815115724,-0.4711321006135834,-1.142866181011633,2.535728269330835,-1.2686654840177465,-0.8803046373229858,-1.2474140303115613,0.2132667117199288,-1.2474140303115635,-0.6213894429873192,-0.4892655977260068,0.0158826470684012
98,Still,147.0,0.9851051162659938,0.5797533169947127,1.2017030475503243,0.0015827757701829,1.1471391939426665,-0.2260316417858205,-0.5579331854761173,0.2494477913814527,-0.4173972064563931,-0.4816622795673078,-0.6150153560734384,-0.0392152641616464,-0.6052785686789002,-0.2260316417858205,-0.5579331854761173,-0.5999554896464805,0.1803219543930162,-0.1892642393438653,0.1336571339916666,-0.1503591342225104,0.1168955268546848,-0.2260316417858205,-0.3715098731936168,-0.3289735281110194,-0.5191914151033551,-0.2065986049106721,0.2001140420920279,0.2444117911855944,0.2001140420920276,-0.6213894429873192,-0.8523770328846881,0.5796939807974483,-0.7212817443999141,-0.5032764907436176,-0.4114763227307824,0.078199843706529,-0.4114763227307821,-0.170617415866112,-0.7071324588212156,0.1709056033499782,-0.3559131358041483,-0.850430822430085,-0.373173542705567,-0.1812107516028691,-0.3731735427055684,-0.6213894429873192,0.0917126985278829,0.2853065735625615
99,Pick up,148.5,1.272228275580051,0.6897149731471183,1.3500454279651952,-0.5633306792066022,1.2763888789988476,-0.2235249844095548,-0.1757653952969912,0.5607612073325002,-0.7455978396577168,-0.924008032725849,-0.7915359926158136,-0.5553033561125033,-0.7758030756502313,-0.2235249844095548,1.8976761113117089,-0.7055173433217505,-0.0598555204784505,-0.2278222226700334,-0.1076237326798441,-0.5006449472463923,-0.1204372679165743,-0.2235249844095548,0.0127292871219814,-0.3514688158137976,0.9583431778993023,-0.324033601386213,0.1878167420930275,-0.5555791255312312,0.1878167420930268,-0.3208747582398478,-0.6345101717894793,-0.5682897187041637,0.6384783520590532,-0.5424214895687979,-0.0993234710564378,-0.8671788144218969,-0.0993234710564385,2.23350006211366,0.1643349855596193,-1.0405802194774552,0.9409446727280756,-0.8803046373229858,-0.0640166338071829,-0.9448297675448232,-0.0640166338071838,-0.3208747582398478,0.8179355688452453,-1.1067128190781743
102,Still,153.0,1.4868371187461782,0.3758958310758046,1.3493842011464412,-0.8261733359460276,1.2757552517434894,-0.2235249844095548,-0.2700127365064775,0.4514380416166026,-0.1625492051966169,-1.0318275786934676,-0.776685195686497,-0.8275219854019932,-0.7615721499961404,-0.2235249844095548,-0.1757653952969912,-0.9304334959887612,0.3500809026005974,-0.5919809540838448,-0.1136712774221795,-0.822689299585771,-0.1262323885439443,-0.2235249844095548,-0.2700127365064775,-0.5019349877427649,0.9583431778993023,-0.324033601386213,0.1490436687250742,-0.570979067795735,0.149043668725073,-0.3208747582398478,-0.7071324588212156,-0.7097820248910037,0.6384783520590532,-0.5424214895687979,-0.1001595481101942,-0.8696272576059232,-0.1001595481101949,2.083242719739924,0.0917126985278829,-1.059788874463118,0.9409446727280756,-0.8803046373229858,-0.0772719387636126,-0.9514165822587816,-0.0772719387636136,-0.4711321006135834,0.8179355688452453,-1.1372249451102048
103,Still,154.5,1.4855796450557517,0.374824775983411,1.3495357989167298,-0.8254397484229063,1.28973957651982,-0.2260316417858205,-0.3715098731936168,0.4703289609444075,-0.1612917315061904,-1.03254161542173,-0.7759998430243559,-0.828112541410996,-0.7605651964119521,-0.2260316417858205,-0.2782982170523664,-0.930007149706047,0.3505000604974062,-0.5912669173555823,-0.113541524591956,-0.8235261764897611,-0.1215538218908788,-0.2260316417858205,-0.3715098731936168,-0.4944719601634709,0.9583431778993023,-0.324033601386213,0.1489043225494482,-0.5709631864294301,0.148904322549447,-0.3208747582398478,-0.7071324588212156,-0.7096633941927665,0.6384783520590532,-0.5424214895687979,-0.1001421298382409,-0.8696269764014009,-0.1001421298382417,2.083242719739924,0.0917126985278829,-1.0598449352712684,0.9409446727280756,-0.8803046373229858,-0.0775157945709582,-0.9513931899467116,-0.0775157945709592,-0.4711321006135834,0.8179355688452453,-1.1372140658781893
104,Still,156.0,1.487675434539796,0.3751817943475422,1.3487765873129918,-0.8254191100824502,1.275172999671001,-0.2235249844095548,-0.2700127365064775,0.4488518975109193,-0.1625492051966169,-1.0318275786934676,-0.7765743955168679,-0.8281788509721247,-0.7614659746182157,-0.2235249844095548,-0.2700127365064775,-0.9310578986359634,0.3496617447037886,-0.5912669173555823,-0.1129028246328167,-0.8232337967768916,-0.1254960109228542,-0.2235249844095548,-0.3642600777159639,-0.5012976865729528,0.9583431778993023,-0.324033601386213,0.1486953032860091,-0.5709387572035125,0.1486953032860078,-0.3208747582398478,-0.7071324588212156,-0.7097135730599655,0.6384783520590532,-0.5424214895687979,-0.100211802926054,-0.8696231609832022,-0.1002118029260547,1.932985377366188,0.0917126985278829,-1.0598502097861815,0.9409446727280756,-0.8803046373229858,-0.0773938666672854,-0.951404675684446,-0.0773938666672864,-0.4711321006135834,0.8179355688452453,-1.1372490558947117
105,Still,157.5,1.186720064631047,0.8767925959518605,1.347950947339304,-0.4410660767848958,1.2743818218548515,-0.2235249844095548,-0.1757653952969912,0.5514046623943458,-0.7451786817609078,-0.6673118289155252,-0.7801843365273636,-0.385375439916411,-0.7649252369312439,1.3732157642717049,2.840149523406573,-0.5059561571720672,-0.5490127860543697,0.357687894505114,-0.11306723778775,-0.0340763448112292,-0.1256535614836453,-0.2235249844095548,2.557407499778113,-0.0032846087470247,0.4899218848278079,1.4704555552838945,1.5372451068558652,0.9987209152337536,1.53724510685587,-0.6213894429873192,-0.8523770328846881,1.304707799488562,-1.7544852822604675,-0.1798151846618646,-0.0550984785671146,0.0069735056582954,-0.055098478567115,1.4822133502449808,0.1643349855596193,0.631867851038564,0.4952752710343392,0.4897703215583249,0.4724835606251303,-0.1598010656011939,0.4724835606251359,-0.6213894429873192,0.4548241336865642,0.0847850597491694
106,Still,159.0,0.2084055334792086,0.1688251798797158,0.5981860926986217,0.3592041613551204,0.5649830217941344,-0.2260316417858205,-0.464721529334867,-0.0255444366842226,-0.7837412082673214,-1.1785621263513857,-1.2954330369751856,-0.4502207155516641,-1.261613654862643,0.2251666859420078,-0.5579331854761173,-0.575665036550716,-1.8446298450905017,-0.4855894815727508,-1.744225361743005,1.806943984432997,-1.6945214957710626,-0.2260316417858205,-0.8375681538998682,0.202451892749916,0.9583431778993023,0.8338342586006992,1.1957250486683273,0.4899004455751268,1.195725048668332,-0.3208747582398478,-0.8523770328846881,0.7656692856843534,-1.9940493150027467,-0.5424214895687979,-3.340724535382208,1.5967739722997931,-3.340724535382201,-0.771646785361055,-0.1987764495990618,1.370605034149071,0.9409446727280756,-0.5135778062239282,0.3777281611994043,-0.6733070573302223,0.3777281611994015,-0.771646785361055,0.1643349855596193,-0.6248402687632337
107,Still,160.5,-1.104396999326086,0.9928235642944964,-0.5236211824527048,2.95995896503264,-0.5190710118284863,-0.2235249844095548,-0.5527547601349367,0.746537620083817,-0.6496106812884919,-0.7012285735079881,-1.0170107636119656,-0.0665984097828326,-0.9918665447146536,-0.2235249844095548,-0.3642600777159639,-0.5660080255150202,-2.0319934249640546,-0.0917982259360511,-1.9974528710675084,2.887355556387877,-1.9313850638721377,-0.2235249844095548,-0.4585074189254503,0.4714319443480793,-1.7277183512278114,-0.324033601386213,-2.059680306307862,1.1335512212535677,-2.059680306307844,-0.771646785361055,-0.9976216069481606,0.6371214492730098,-0.06950697375472,4.866799269142302,2.8596751500911526,4.026779912267759,2.859675150091154,-0.4711321006135834,-1.0702438939798968,2.764906218623647,-0.6235824461307166,-0.8803046373229858,-1.3825798206688469,0.0773893517506392,-1.3825798206688469,-0.771646785361055,-0.3440210236625344,-0.0986804049699617
108,Pick up,162.0,0.7176823781019523,2.323431007411432,1.3893531754946775,0.3590906165028477,1.3281476632310063,-0.2260316417858205,0.3741833759363852,1.1147112898421376,-2.0604961619470554,1.8271754812690808,-0.7524232975920769,0.6617304645458663,-0.7378231154629353,9.47473240436249,4.009437965445145,0.5969208913204611,-0.8818241561205905,0.8500162186420215,0.0361872923257799,0.3627128046321586,0.0228755171963327,0.2251666859420078,2.05199318647889,0.3542114252835256,0.4323729831075956,-0.324033601386213,0.0334734343152045,-0.4528386474262018,0.0334734343152044,0.1298972688813593,-0.0535318755355894,-0.3965282887946119,-0.0199881513443049,-0.5424214895687979,-0.0876706471197079,-0.7043953724262384,-0.0876706471197087,1.4822133502449808,0.8905578558769816,-0.58723028467489,0.4176511710396344,-0.8803046373229858,-0.2165136047579606,-0.8080333617020433,-0.2165136047579612,-0.6213894429873192,1.4715361521308716,-0.8187706666852301
109,Still,163.5,1.4642025923185007,0.3916046390975767,1.3513106944183793,-0.7926497694241441,1.2776013333145022,-0.2235249844095548,-0.3642600777159639,0.4566856280370134,-0.1801538368625883,-1.0114775319379898,-0.7762956079932851,-0.7945387511121378,-0.7611988236673086,-0.2235249844095548,-0.0815180540875048,-0.9230667945207168,0.3203206919271695,-0.5794853113392532,-0.1167808305698344,-0.7847169741619164,-0.1292121491502161,-0.2235249844095548,-0.2700127365064775,-0.4934646349403987,0.9583431778993023,-0.324033601386213,0.1488869042774949,-0.5709287875695185,0.1488869042774936,-0.3208747582398478,-0.7071324588212156,-0.7092568056681686,0.6384783520590532,-0.5424214895687979,-0.1005950049090256,-0.8693810953559652,-0.1005950049090264,1.932985377366188,0.0917126985278829,-1.057966354162594,0.9409446727280756,-0.8803046373229858,-0.0773938666672854,-0.9510313960810816,-0.0773938666672864,-0.4711321006135834,0.8179355688452453,-1.1356578740501555
110,Still,165.0,1.4859988029525606,0.3830361983584283,1.351389256253424,-0.8158499330865753,1.2915274328835842,-0.2260316417858205,-0.3715098731936168,0.476356960787103,-0.1629683630934257,-1.0303995052369428,-0.7755347033479058,-0.8247060479179361,-0.7601165198149158,-0.2260316417858205,-0.1850865609111162,-0.9290082671857948,0.3471467973229356,-0.5912669173555823,-0.1166519242604314,-0.8209067168769585,-0.124554132570297,-0.2260316417858205,-0.3715098731936168,-0.496648589171127,0.9583431778993023,-0.324033601386213,0.1482772647591309,-0.5708901126992982,0.1482772647591295,-0.3208747582398478,-0.7071324588212156,-0.7096599904696768,0.6384783520590532,-0.5424214895687979,-0.1001943846541007,-0.8696248008759596,-0.1001943846541014,1.932985377366188,0.0917126985278829,-1.0597961664986832,0.9409446727280756,-0.8803046373229858,-0.0778293234661168,-0.9513614402616936,-0.0778293234661178,-0.4711321006135834,0.8179355688452453,-1.1371797396282215
111,Still,166.5,1.487675434539796,0.3787519779888539,1.3518718436645654,-0.8224648516425608,1.2781390602285077,-0.2235249844095548,-0.2700127365064775,0.4519814070607545,-0.1629683630934257,-1.031113541965205,-0.7757380329461193,-0.8259773893148229,-0.7606645217654944,-0.2235249844095548,-0.1757653952969912,-0.9284962770728592,0.3475659552197443,-0.5934090275403694,-0.1166414368080429,-0.8221091566583224,-0.1290785736747624,-0.2235249844095548,-0.3642600777159639,-0.5041849303219104,0.9583431778993023,-0.324033601386213,0.1487998129177286,-0.5709509059684167,0.1487998129177274,-0.3208747582398478,-0.7071324588212156,-0.7097007338046938,0.6384783520590532,-0.5424214895687979,-0.1005601683651191,-0.86960707169902,-0.1005601683651199,2.083242719739924,0.0917126985278829,-1.0598367611696675,0.9409446727280756,-0.8803046373229858,-0.0779338330978364,-0.9513543273829989,-0.0779338330978374,-0.4711321006135834,0.8179355688452453,-1.1371622235398156
112,Pick up,168.0,1.3124674336737,0.5886787760979922,1.3522971733479798,-0.6551214875579456,1.2785466366792495,-0.2235249844095548,-0.3642600777159639,0.4533884370734876,-0.4911689962947494,-0.870812296470302,-0.7766708988904159,-0.6369339797811762,-0.761558449947376,-0.2235249844095548,2.6516548409876,-0.7503834751091579,-0.1143460470636,-0.1289281358056946,-0.1157943516402334,-0.3858549410083491,-0.1282668457854677,-0.2235249844095548,0.8609553580073588,-0.2784052893247534,0.3293202986318668,-0.2302916305153865,0.3004781250867032,-0.3041559090543736,0.300478125086701,-0.0203600734923763,0.0190904114961467,-0.140345002886571,-1.1214473633381337,-0.5424214895687979,-0.6406136902758971,-0.0032407027659759,-0.6406136902758967,-0.771646785361055,-0.4892655977260068,0.0230008902703447,0.7415310365347821,1.5312333166177272,0.1724015714143938,-0.106956157524611,0.1724015714143915,0.1298972688813593,0.4548241336865642,0.2322814634985793
114,Still,171.0,-1.5294231066902524,1.1677625627187784,0.6748363426436387,4.3015453076516925,0.62936297595056,-0.2235249844095548,-0.9297441249728824,0.4650072939233572,-0.6206887864086817,-0.2856591976592859,-0.535133677497068,0.6350041504361102,-0.5301029760960739,-0.2235249844095548,-0.5527547601349367,-0.3800549702404631,-1.6614578441850374,0.683288642592757,0.032985256778475,3.071425971588712,0.0143027116819669,-0.2235249844095548,-0.647002101344423,0.3889886193930081,-1.237883513330191,-0.324033601386213,-0.4572341231519923,0.3378075250241357,-0.457234123151999,-0.0203600734923763,-0.7797547458529518,0.1982457889154401,-0.7440336357776726,5.442642804491664,2.91445561538415,4.356018335658074,2.914455615384153,-0.4711321006135834,-1.0702438939798968,3.350139089875253,-1.9217786012145732,-0.8370391123056813,-1.4129572869553295,0.7272875207396061,-1.4129572869553306,-0.6213894429873192,-0.7071324588212156,0.5537959701696882
115,Still,172.5,1.155283222370384,0.6222385023263238,1.2575233594088868,-0.1020775304627167,1.2009838105992166,0.2251666859420078,-0.464721529334867,0.5257387217317157,-0.2459616266615765,-0.5752010909696789,-0.4772949543141311,-0.2381755779788943,-0.4724326208220464,-0.2260316417858205,-0.1850865609111162,-0.5523024995212392,0.0009223745588316,-0.4477455349748449,-0.2452151105574123,-0.2650092701972316,-0.2485669739862598,-0.0004324779219063,-0.464721529334867,-0.4721615501834756,-1.5671167650318705,-0.324033601386213,-0.0661764995293868,0.588290467467261,-0.0661764995293884,-0.4711321006135834,-0.5618878847577431,0.8834937365599855,0.1606886331261286,-0.4651616234664683,-0.0400665098714526,-0.1940130823879671,-0.0400665098714531,-0.4711321006135834,-0.2713987366307983,-0.3220241109410801,-1.1174323236832353,-0.7237246420222646,-0.3168602694806825,-0.148678089230701,-0.3168602694806836,-0.4711321006135834,0.2369572725913556,0.2805174027536573
116,Walking,174.0,1.1192356432448234,0.7582624990603064,1.1955042107257747,-0.0855773059162538,1.128298201879332,-0.2235249844095548,-0.5527547601349367,0.3134732700084633,-0.1793155210689706,-0.4152568638389068,-0.4119953728499397,-0.1919590349287638,-0.4121044560877123,-0.2235249844095548,-0.3642600777159639,-0.547330139874338,-0.0967414153976286,-0.2124704330123924,0.0006530524409062,0.0246165944236492,-0.0166799485988773,-0.2235249844095548,-0.647002101344423,-0.3755062709307768,-1.8869815908721197,-0.324033601386213,-2.7414140522864443,1.274440921707227,-2.741414052286428,-0.771646785361055,0.9631801429087176,1.7611829679043065,-0.8350412012887057,0.7926289966794565,-0.9397550928011577,0.2148743132949312,-0.9397550928011604,-0.771646785361055,0.0917126985278829,0.8885583299054728,-1.0157179857591394,2.493376182478738,-0.7740202351659037,0.1392244732227284,-0.7740202351658961,-0.6213894429873192,3.795449337146432,1.7261405381221555
117,Still,175.5,1.3682154339492758,0.4701486792064379,1.3464783773429434,-0.7039532835692287,1.272970716832112,-0.2235249844095548,-0.2700127365064775,0.4537907432548574,-0.2920689953105492,-0.9482852814867698,-0.7938020347946793,-0.749991045865098,-0.7779745333793995,-0.2235249844095548,2.463160158568628,-0.8742138145226437,0.1912200597100461,-0.4184700291160875,-0.0901494736696324,-0.6684736779473569,-0.1036923833142031,-0.2235249844095548,-0.1757653952969912,-0.4346493563412935,-1.5671167650318705,-0.324033601386213,0.1115421292097088,-0.4653651513892519,0.1115421292097077,-0.4711321006135834,1.762025300257817,0.0977379505911543,0.6384783520590532,-0.5424214895687979,-0.1017271925859874,-0.8693416354384489,-0.1017271925859882,2.23350006211366,0.0917126985278829,-1.0565280720273005,-1.0157179857591394,-0.8803046373229858,-0.1099486169479254,-0.8278455060965102,-0.1099486169479262,-0.4711321006135834,5.175272790749419,-0.4299912436934007
118,Still,177.0,1.4704899607706334,0.3916046390975767,1.3457152623376436,-0.8020718422987744,1.286054263402178,-0.2260316417858205,-0.3715098731936168,0.4681514274195096,-0.1843454158306767,-1.037896890883698,-0.7928833480741279,-0.8173740349874365,-0.7768511293807131,-0.2260316417858205,0.8402416566426366,-0.9331647338542332,0.3580449026399654,-0.5694887971435799,-0.0915627872085515,-0.8157537007118297,-0.1003529964278645,-0.2260316417858205,-0.3715098731936168,-0.4826558731171537,0.2744480900149202,0.3074370375568271,0.4170760375418152,-0.1556830727639453,0.4170760375418122,-0.6213894429873192,-0.2713987366307983,0.0250641744747994,0.6384783520590532,-0.5424214895687979,-0.0725515870642796,-0.7895062999388797,-0.0725515870642802,0.4304119536288309,0.7453132818135091,-0.7946972091622767,-0.3452063633910855,-0.8803046373229858,-0.2673227040456155,-0.5663868434106116,-0.2673227040456166,-0.771646785361055,0.1643349855596193,-0.4908229010522776
119,Still,178.5,1.0014522742415386,0.4954969830597523,1.1645659440061198,-0.1783883679417059,1.098651296353022,-0.2235249844095548,-0.2700127365064775,0.4906720353447688,-1.069606893890952,-0.7758454116114063,-0.8128739607669617,0.0922341076736052,-0.7962503984311997,-0.2235249844095548,0.0127292871219814,-0.42109260490818,-0.2832666794775635,-0.3388549339148328,-0.2632300612273122,0.2416681915392691,-0.2695485986690423,-0.2235249844095548,-0.5527547601349367,-0.3813704637588545,-1.706304806401686,0.7452429454700281,-1.847490917373268,2.0448393526589674,-1.847490917373258,-0.6213894429873192,-1.142866181011633,1.462262924974795,-0.2394769858120909,-0.5424214895687979,-0.6903951115183098,-0.0418668931263433,-0.690395111518313,-0.170617415866112,-0.4166433106942707,0.1083416564072664,0.0054404331367191,-0.6402839866317487,-0.0068324469846354,-0.3695332604332066,-0.0068324469846365,-0.4711321006135834,0.0917126985278829,-0.2092930781828903
120,Still,180.0,0.9188781685701968,0.6586543754677049,1.1653759938880284,0.2189183454466912,1.1120978942153488,-0.2260316417858205,-0.5579331854761173,0.4857701178858083,-0.6336826812097559,-0.7322891711874013,-0.9772561941760124,-0.0875418056498669,-0.9546983124166524,-0.2260316417858205,-0.6511448416173675,-0.6103077438526774,0.1962499544717522,-0.1157184563328405,0.0162324451376162,-0.1912608377473861,0.0036269486822551,-0.0004324779219063,-0.091874904769866,-0.2054475610679274,0.9449597123829742,0.920365308635308,3.0783441361923587,1.1532769083465602,3.07834413619237,-0.771646785361055,-0.9249993199164244,1.370157976748951,-0.0922588651324784,-0.0768020298587585,0.2320939893982105,0.1135553916635904,0.2320939893982099,0.1298972688813593,0.0190904114961467,0.3064643470817859,-0.0761987065128841,-0.3147624174539334,0.1323047093779929,-0.1657434900318906,0.1323047093779914,-0.4711321006135834,1.1084247169721906,0.2882313959452485
123,Still,184.5,-1.1106843677782186,-1.1289365737371506,-1.4513897545989785,-0.0201446398495466,-1.412050465333074,-0.2260316417858205,-0.6511448416173675,-0.4374120022876596,-0.8692494192163254,-1.12572340845997,-1.2914172127456816,-0.2922546202656491,-1.2577399660744903,-0.0004324779219063,-0.2782982170523664,-0.5241667207964676,-2.0319934249640546,-2.113593222010965,-2.849109627539598,-0.2971646264825338,-2.760299664341884,-0.2260316417858205,-0.7443564977586179,0.3795265826525044,0.7147641055021252,-0.324033601386213,0.6658612158502055,-0.1316492397873582,0.6658612158501972,-0.6213894429873192,-0.7071324588212156,-0.2338419152268777,-1.7745604805349606,4.29198586534097,2.281127247163674,2.9008213771518268,2.281127247163674,-0.6213894429873192,-0.8523770328846881,2.871157900166108,-1.864229699494361,-0.8298281914694638,-1.6634494559151396,0.5799734183198256,-1.6634494559151398,-0.771646785361055,-0.7797547458529518,0.3602881041091588
